Parental Education,Previous Overall Marks,Class Attendance (%),Extracurricular Activities,Availability of Resources,Motivation Level,Study Hours per Week,Future Marks
Bachelor,69,64.61008707,Yes,No,3,29,61.77
High School,51,50.0,Yes,No,2,40,47.22
Doctorate,98,96.86760554,Yes,Yes,4,35,100.0
Bachelor,70,71.83682753,Yes,No,3,24,65.01
Bachelor,62,66.56792313,Yes,No,3,40,58.85
High School,42,50.0,No,No,2,15,48.78
Doctorate,92,99.46344284,Yes,Yes,4,40,100.0
Doctorate,99,97.64438199,Yes,Yes,4,36,100.0
Bachelor,59,58.89316353,No,No,2,31,60.99
Master,70,66.2639416,No,Yes,3,38,100.0
Bachelor,61,50.0,Yes,No,3,31,53.22
Bachelor,59,63.42022698,No,No,2,30,61.75
Bachelor,60,63.68421949,No,No,3,25,65.97
Bachelor,70,68.59336221,No,No,3,21,67.04
High School,45,50.0,No,No,2,14,47.15
Doctorate,92,94.57969609,Yes,Yes,4,40,100.0
High School,48,50.0,No,No,2,27,52.02
High School,41,50.0,No,No,2,40,53.13
High School,48,51.9713234,No,No,2,29,52.93
Bachelor,66,59.72855288,Yes,No,3,29,55.47
Master,84,85.46778966,No,Yes,4,24,100.0
Doctorate,95,88.21709098,Yes,Yes,4,32,100.0
Master,79,81.33214991,No,Yes,3,26,100.0
High School,48,50.0,Yes,No,2,30,41.65
High School,52,50.0,Yes,No,2,15,43.16
Master,79,84.82369677,Yes,Yes,3,21,98.84
Master,84,80.32704212,Yes,Yes,4,40,100.0
Master,85,80.94873781,No,Yes,4,27,100.0
High School,49,50.00284599,Yes,No,2,18,42.0
High School,55,60.74318675,No,No,2,36,60.47
Doctorate,91,85.92089091,Yes,Yes,4,23,100.0
Doctorate,85,85.30839925,Yes,Yes,4,40,100.0
High School,46,50.0,No,No,2,40,54.97
Master,79,82.46552804,Yes,Yes,3,35,98.13
Master,74,74.88220778,Yes,Yes,3,39,98.47
Doctorate,90,88.1648608,Yes,Yes,4,34,100.0
High School,49,50.0,No,No,2,40,56.92
Doctorate,91,91.43071942,Yes,Yes,4,40,100.0
Doctorate,98,92.63930494,Yes,Yes,4,33,100.0
Bachelor,69,54.39324758,No,No,3,18,67.47
Bachelor,59,61.18279902,Yes,No,2,29,53.56
Bachelor,61,65.51967421,No,No,3,40,68.95
Master,78,66.18533782,No,Yes,3,26,100.0
High School,42,50.0,Yes,No,2,40,42.4
High School,55,58.09577131,No,No,2,33,57.11
High School,47,57.28747735,Yes,No,2,29,43.87
High School,41,50.0,No,No,2,14,47.68
Bachelor,65,61.35998529,No,No,3,40,71.89
Master,76,75.08551779,Yes,Yes,3,38,98.4
Master,82,88.8743821,Yes,Yes,4,26,100.0
Bachelor,56,52.7701791,Yes,No,2,40,51.2
Master,84,80.00403997,Yes,Yes,4,35,100.0
Bachelor,68,65.58628239,No,No,3,29,69.11
High School,43,50.0,Yes,No,2,32,43.52
Bachelor,61,61.61335158,No,No,3,26,67.78
High School,42,50.12339229,No,No,2,38,54.59
High School,41,50.0,Yes,No,2,24,38.42
Doctorate,95,93.73823249,Yes,Yes,4,40,100.0
Bachelor,64,62.54094366,No,No,3,35,69.42
Doctorate,91,83.18404596,No,Yes,4,34,100.0
Bachelor,55,59.41554889,Yes,No,2,23,47.87
Bachelor,68,67.61081401,Yes,No,3,30,60.65
Doctorate,99,98.09760043,No,Yes,4,34,100.0
Doctorate,92,100.0,Yes,Yes,4,23,100.0
Bachelor,57,58.49376454,Yes,No,2,36,53.22
Master,81,77.24104475,No,Yes,4,40,100.0
High School,51,50.0,No,No,2,38,57.06
Doctorate,97,100.0,Yes,Yes,4,28,100.0
High School,41,50.0,Yes,No,2,16,39.62
Master,72,64.80861011,No,Yes,3,18,99.37
Master,74,78.59614467,Yes,Yes,3,19,95.29
Master,80,76.65927957,Yes,Yes,4,24,100.0
Doctorate,92,100.0,Yes,Yes,4,30,100.0
Master,79,84.40024033,Yes,Yes,3,40,100.0
Doctorate,91,88.76339052,Yes,Yes,4,35,100.0
Master,76,82.40508181,Yes,Yes,3,40,100.0
High School,51,51.33927755,No,No,2,13,53.89
High School,46,50.26386838,Yes,No,2,11,40.1
Bachelor,69,71.42366409,Yes,No,3,17,60.52
High School,47,50.0,No,No,2,30,50.02
Bachelor,55,51.78225084,No,No,2,15,55.67
High School,43,50.0,No,No,2,27,52.26
Doctorate,97,95.32612334,Yes,Yes,4,24,100.0
High School,45,50.0,Yes,No,2,18,40.16
Bachelor,63,58.2243871,No,No,3,34,65.63
Bachelor,67,69.11799533,No,No,3,40,71.32
Master,71,81.3126246,Yes,Yes,3,40,98.59
Doctorate,85,79.66233543,Yes,Yes,4,37,100.0
High School,55,55.12109728,Yes,No,2,28,47.66
Master,82,89.06110278,Yes,Yes,4,22,100.0
High School,49,50.0,No,No,2,18,53.39
High School,51,53.26185898,Yes,No,2,40,50.09
Master,83,77.68803236,Yes,Yes,4,40,100.0
Master,71,73.14153549,No,Yes,3,31,100.0
Master,76,75.06427867,Yes,Yes,3,37,96.78
Master,72,76.92864998,Yes,Yes,3,40,93.46
Master,79,84.93693026,Yes,Yes,3,19,98.93
High School,41,53.94781821,Yes,No,2,24,41.41
Master,83,85.89816587,Yes,Yes,4,22,100.0
Doctorate,95,96.62898158,Yes,Yes,4,38,100.0
Bachelor,61,61.97192151,No,No,3,40,65.06
Master,82,80.23416854,Yes,Yes,4,22,100.0
Master,82,83.69241922,No,Yes,4,23,100.0
High School,41,50.0,No,No,2,33,49.85
Master,85,85.84230488,Yes,Yes,4,40,100.0
Master,85,91.58798768,No,Yes,4,30,100.0
Master,72,66.96728717,Yes,Yes,3,15,94.42
High School,50,55.69939281,No,No,2,18,55.19
Master,76,82.58557534,No,Yes,3,31,100.0
Bachelor,68,67.40965737,Yes,No,3,15,58.58
High School,43,50.0,No,No,2,12,45.46
Bachelor,67,63.96089006,No,No,3,40,71.24
High School,53,59.48497273,Yes,No,2,40,50.52
Master,70,69.88565969,Yes,Yes,3,40,98.9
Bachelor,67,62.00348884,Yes,No,3,37,60.07
High School,53,50.47612539,No,No,2,39,59.05
Doctorate,89,93.20310013,No,Yes,4,29,100.0
Master,81,83.73366784,No,Yes,4,27,100.0
High School,48,50.0,No,No,2,34,57.39
Doctorate,100,98.16587794,No,Yes,5,40,100.0
High School,47,50.0,Yes,No,2,24,44.68
Doctorate,96,91.38794908,Yes,Yes,4,29,100.0
Master,84,92.07687845,Yes,Yes,4,39,100.0
Bachelor,63,61.38839765,No,No,3,37,65.52
Doctorate,94,100.0,No,Yes,4,20,100.0
High School,53,60.60658026,Yes,No,2,11,50.65
Master,78,82.99155449,Yes,Yes,3,33,97.57
Doctorate,99,96.84189844,Yes,Yes,4,33,100.0
High School,46,50.0,No,No,2,17,51.75
High School,43,50.0,No,No,2,21,49.64
High School,44,50.0,No,No,2,35,50.15
Doctorate,85,86.62179641,Yes,Yes,4,40,100.0
Doctorate,98,92.10480104,No,Yes,4,40,100.0
Doctorate,85,90.93839694,No,Yes,4,34,100.0
Bachelor,57,54.67691351,No,No,2,10,55.1
Doctorate,97,98.00579828,No,Yes,4,40,100.0
Doctorate,98,99.41643936,Yes,Yes,4,22,100.0
Doctorate,92,90.70547513,Yes,Yes,4,37,100.0
Bachelor,68,70.93346901,Yes,No,3,40,64.81
Doctorate,86,83.62548172,No,Yes,4,40,100.0
High School,43,50.0,No,No,2,38,53.65
Doctorate,86,79.2701016,Yes,Yes,4,40,100.0
High School,53,53.6318979,No,No,2,35,55.26
High School,44,53.694645,No,No,2,17,51.66
High School,48,50.0,Yes,No,2,28,44.72
Bachelor,70,66.61127515,No,No,3,36,74.29
Bachelor,55,57.56953925,No,No,2,38,58.24
Bachelor,59,59.89790891,No,No,2,40,60.84
Doctorate,98,99.7531505,No,Yes,4,40,100.0
High School,54,56.44593565,No,No,2,12,56.68
Bachelor,63,66.17360734,Yes,No,3,33,59.19
Bachelor,69,74.54849921,No,No,3,24,72.7
Doctorate,85,87.04909328,Yes,Yes,4,40,100.0
Bachelor,63,61.79371173,Yes,No,3,29,57.67
Doctorate,92,95.36286851,Yes,Yes,4,30,100.0
Master,73,82.49940967,Yes,Yes,3,40,96.57
Bachelor,66,65.33683127,Yes,No,3,38,64.5
Master,80,75.12735348,Yes,Yes,4,32,100.0
Doctorate,94,99.53540335,Yes,Yes,4,40,100.0
High School,44,50.0,Yes,No,2,13,41.26
Bachelor,67,56.13665227,No,No,3,27,65.83
Doctorate,89,93.23710839,Yes,Yes,4,28,100.0
High School,50,50.0,Yes,No,2,40,49.32
High School,51,50.54733359,No,No,2,16,52.37
Master,75,76.65990165,No,Yes,3,15,100.0
Doctorate,91,91.9524984,Yes,Yes,4,31,100.0
High School,47,50.54725909,Yes,No,2,30,45.75
Bachelor,69,66.82256815,No,No,3,25,74.41
Bachelor,68,70.56552899,Yes,No,3,28,60.82
Master,77,75.70226661,Yes,Yes,3,40,97.13
High School,50,53.6940524,Yes,No,2,40,45.96
Doctorate,98,100.0,No,Yes,4,40,100.0
Bachelor,67,62.32280649,Yes,No,3,18,57.51
High School,41,50.0,Yes,No,2,35,42.43
High School,48,50.0,Yes,No,2,25,44.3
Master,76,80.04028899,No,Yes,3,24,100.0
Bachelor,58,59.83643657,No,No,2,11,58.64
Bachelor,58,67.19091838,Yes,No,2,40,57.35
Doctorate,95,93.88267009,Yes,Yes,4,38,100.0
Bachelor,62,60.25341602,No,No,3,20,70.49
Doctorate,88,87.90290197,Yes,Yes,4,38,100.0
Bachelor,67,65.48410109,Yes,No,3,22,57.18
Master,84,87.99970951,No,Yes,4,33,100.0
Bachelor,60,51.91844696,Yes,No,3,24,53.95
Doctorate,89,83.7315879,Yes,Yes,4,22,100.0
Doctorate,87,81.66098539,Yes,Yes,4,40,100.0
Master,82,86.75153796,Yes,Yes,4,34,100.0
Bachelor,68,76.55306686,Yes,No,3,37,63.71
Bachelor,64,63.47775391,No,No,3,37,67.55
Master,80,79.15589138,No,Yes,4,37,100.0
Bachelor,56,56.35026082,No,No,2,28,58.58
Bachelor,63,68.80939151,Yes,No,3,40,61.97
Doctorate,94,89.36323433,Yes,Yes,4,40,100.0
Bachelor,63,64.19184491,No,No,3,24,64.45
Bachelor,55,59.87598815,No,No,2,13,57.77
Master,79,81.50547085,No,Yes,3,16,100.0
Master,72,72.94790808,No,Yes,3,17,100.0
High School,47,52.00523046,Yes,No,2,16,42.61
Doctorate,90,76.48383854,Yes,Yes,4,35,100.0
Bachelor,59,62.3893766,Yes,No,2,40,51.69
Bachelor,59,55.72962158,No,No,2,19,60.21
High School,45,50.0,No,No,2,28,53.82
Bachelor,69,71.556013,Yes,No,3,40,65.98
Doctorate,91,97.86829273,Yes,Yes,4,36,100.0
High School,40,50.0,No,No,2,37,48.79
Doctorate,93,97.76437274,Yes,Yes,4,38,100.0
High School,42,50.06139129,No,No,2,32,52.84
High School,43,50.0,No,No,2,29,52.88
Master,79,87.19982265,No,Yes,3,27,100.0
Doctorate,85,88.71063746,Yes,Yes,4,32,100.0
Bachelor,67,67.37716819,Yes,No,3,25,60.87
Bachelor,65,56.99017094,Yes,No,3,29,59.52
Doctorate,94,92.76968756,Yes,Yes,4,36,100.0
Bachelor,57,52.78376702,No,No,2,37,61.91
Bachelor,56,66.85471359,No,No,2,28,60.94
Doctorate,86,85.12057094,Yes,Yes,4,23,100.0
High School,53,53.61602403,Yes,No,2,31,46.33
Doctorate,85,87.75742688,No,Yes,4,40,100.0
High School,47,50.0,Yes,No,2,40,44.53
Bachelor,57,65.4752552,Yes,No,2,40,53.76
Bachelor,70,66.88675319,No,No,3,40,78.01
Bachelor,57,57.97303728,Yes,No,2,21,45.51
Master,75,71.28764707,No,Yes,3,16,100.0
High School,52,50.0,No,No,2,37,54.32
Master,77,73.94115455,No,Yes,3,24,100.0
Master,82,81.81481601,Yes,Yes,4,40,100.0
Doctorate,99,96.85348888,No,Yes,4,36,100.0
Master,78,74.5378951,Yes,Yes,3,40,96.75
Doctorate,93,85.96841268,Yes,Yes,4,22,100.0
Doctorate,88,87.58447214,Yes,Yes,4,26,100.0
Master,83,75.47639813,Yes,Yes,4,27,100.0
High School,44,50.0,Yes,No,2,29,42.78
High School,41,50.0,No,No,2,21,49.74
High School,50,50.0,Yes,No,2,40,45.7
High School,48,50.0,Yes,No,2,26,48.19
High School,47,50.0,No,No,2,37,56.32
Master,72,73.59587255,No,Yes,3,24,99.27
Master,80,86.70225223,Yes,Yes,4,40,100.0
Bachelor,66,56.62413765,Yes,No,3,40,58.0
High School,52,52.5751304,No,No,2,31,58.87
Master,78,77.19933602,Yes,Yes,3,27,95.9
Bachelor,57,60.35670038,Yes,No,2,36,51.74
High School,48,50.0,No,No,2,24,54.61
Doctorate,86,82.24015334,No,Yes,4,40,100.0
Bachelor,66,64.40473032,No,No,3,40,68.48
Master,79,75.01987072,Yes,Yes,3,40,98.83
Doctorate,93,98.38003569,Yes,Yes,4,40,100.0
Doctorate,99,99.10655824,Yes,Yes,4,40,100.0
Doctorate,92,100.0,Yes,Yes,4,38,100.0
Bachelor,63,62.69669593,No,No,3,22,67.15
Master,74,70.45796617,Yes,Yes,3,40,93.57
Doctorate,95,87.43142804,Yes,Yes,4,40,100.0
High School,50,50.0,Yes,No,2,34,50.34
Doctorate,86,78.07932028,Yes,Yes,4,40,100.0
Doctorate,92,93.33563326,No,Yes,4,36,100.0
Bachelor,66,68.54362512,No,No,3,38,70.44
Bachelor,69,61.09404649,No,No,3,35,73.5
Master,75,79.47519157,Yes,Yes,3,16,93.38
High School,47,50.0,No,No,2,40,56.39
Bachelor,65,65.73396506,Yes,No,3,40,62.2
Doctorate,89,97.06110314,Yes,Yes,4,40,100.0
Master,85,89.48419658,No,Yes,4,31,100.0
Doctorate,94,92.65734676,Yes,Yes,4,31,100.0
Doctorate,86,81.54403887,Yes,Yes,4,40,100.0
Bachelor,60,50.0,No,No,3,38,64.19
Master,74,70.4042334,No,Yes,3,25,100.0
High School,51,50.0,No,No,2,22,58.06
High School,55,50.06410236,Yes,No,2,36,46.05
Bachelor,67,66.34371516,No,No,3,22,68.19
Bachelor,66,66.38425941,Yes,No,3,24,59.14
Master,74,72.87572009,Yes,Yes,3,22,96.76
High School,52,50.0,No,No,2,29,53.48
High School,40,50.0,No,No,2,17,50.88
High School,41,50.0,Yes,No,2,18,39.22
Doctorate,92,86.54800461,Yes,Yes,4,26,100.0
High School,52,59.0546619,Yes,No,2,23,48.19
Doctorate,100,99.50705934,Yes,Yes,5,40,100.0
Master,83,83.09424811,Yes,Yes,4,21,100.0
Doctorate,97,100.0,Yes,Yes,4,27,100.0
Master,72,73.16608066,Yes,Yes,3,27,92.91
High School,49,53.76568317,Yes,No,2,30,45.98
High School,42,50.0,No,No,2,37,53.87
Master,77,73.93781313,No,Yes,3,40,100.0
Bachelor,62,63.80751763,Yes,No,3,37,55.84
Master,71,65.28136896,No,Yes,3,29,100.0
Bachelor,62,62.54279853,No,No,3,16,61.0
Doctorate,95,94.83385005,No,Yes,4,31,100.0
Doctorate,97,95.95941571,No,Yes,4,40,100.0
Doctorate,97,96.35731244,Yes,Yes,4,22,100.0
High School,40,50.0,No,No,2,14,46.85
Doctorate,90,87.25637546,Yes,Yes,4,22,100.0
Bachelor,62,62.46422451,Yes,No,3,33,56.46
Doctorate,87,87.79928196,Yes,Yes,4,21,100.0
Master,85,79.8616243,Yes,Yes,4,36,100.0
Master,77,83.3285392,Yes,Yes,3,28,99.08
High School,51,50.0,Yes,No,2,37,45.66
Master,70,74.847286,No,Yes,3,40,100.0
Bachelor,65,67.13597181,Yes,No,3,24,59.14
Doctorate,95,91.76886345,Yes,Yes,4,22,100.0
High School,55,63.87655446,No,No,2,40,63.53
Doctorate,93,87.03181584,Yes,Yes,4,40,100.0
Doctorate,97,100.0,Yes,Yes,4,40,100.0
Bachelor,65,70.00291159,Yes,No,3,40,63.0
Master,82,78.64689895,Yes,Yes,4,40,100.0
Master,78,84.9623265,No,Yes,3,40,100.0
Doctorate,89,87.74976743,Yes,Yes,4,40,100.0
High School,49,50.44346815,No,No,2,40,59.14
Master,73,74.30160919,No,Yes,3,40,100.0
High School,54,53.32845629,Yes,No,2,31,49.41
Master,80,84.05404137,No,Yes,4,40,100.0
High School,45,50.0,No,No,2,10,49.56
Bachelor,66,57.25734013,Yes,No,3,27,59.7
High School,46,52.52170121,Yes,No,2,30,45.66
Bachelor,59,50.68754006,No,No,2,18,59.96
Bachelor,65,70.16273102,No,No,3,31,72.79
High School,52,57.63352568,Yes,No,2,30,48.07
Bachelor,64,58.54516785,Yes,No,3,40,60.07
Doctorate,93,90.94592856,No,Yes,4,40,100.0
Bachelor,57,51.47147666,No,No,2,21,58.59
Master,84,82.92539485,Yes,Yes,4,25,100.0
High School,46,50.0,No,No,2,25,52.94
Doctorate,94,97.89830266,Yes,Yes,4,40,100.0
High School,49,55.55154373,No,No,2,14,52.07
Master,85,91.97841905,Yes,Yes,4,28,100.0
Master,80,77.18915987,Yes,Yes,4,33,100.0
Master,74,72.95389063,No,Yes,3,40,100.0
Bachelor,68,59.58280904,Yes,No,3,40,63.23
Bachelor,61,56.97064967,Yes,No,3,40,58.48
High School,54,58.82425817,No,No,2,28,60.21
High School,41,50.0,No,No,2,17,50.31
Doctorate,88,81.82825564,Yes,Yes,4,40,100.0
Doctorate,86,83.0376787,Yes,Yes,4,40,100.0
High School,53,52.86797122,No,No,2,40,59.23
Bachelor,67,68.40080579,No,No,3,40,70.83
Master,82,77.9519824,Yes,Yes,4,40,100.0
High School,51,53.12030522,Yes,No,2,14,43.93
Doctorate,91,88.63080326,Yes,Yes,4,35,100.0
Bachelor,56,55.92773865,No,No,2,26,58.44
High School,55,57.73142124,Yes,No,2,40,51.87
High School,52,52.03211135,No,No,2,40,57.28
Bachelor,68,65.81807055,No,No,3,34,69.62
High School,50,50.0,Yes,No,2,11,43.14
Bachelor,55,54.5581852,Yes,No,2,29,49.25
Master,78,76.14994485,Yes,Yes,3,32,97.02
Bachelor,55,53.70601969,No,No,2,10,54.8
Bachelor,62,69.99323585,Yes,No,3,40,60.46
Bachelor,69,71.80459724,No,No,3,40,70.96
High School,41,50.0,No,No,2,28,47.89
High School,51,54.48477202,No,No,2,15,53.21
Bachelor,70,68.33090255,Yes,No,3,22,60.54
High School,47,52.86562319,Yes,No,2,33,45.64
Doctorate,97,98.84821096,Yes,Yes,4,39,100.0
Doctorate,87,86.46348928,Yes,Yes,4,33,100.0
High School,55,57.23858463,No,No,2,14,56.73
High School,45,50.0,Yes,No,2,40,44.46
Bachelor,57,51.36616266,Yes,No,2,25,46.52
Master,83,77.03037497,Yes,Yes,4,26,100.0
High School,46,50.0,Yes,No,2,25,42.17
Doctorate,94,100.0,No,Yes,4,26,100.0
Bachelor,63,74.15650073,No,No,3,40,69.68
High School,55,58.19025551,Yes,No,2,23,49.63
Doctorate,86,88.50422237,No,Yes,4,33,100.0
Doctorate,99,89.99471133,Yes,Yes,4,40,100.0
Master,81,78.286631,Yes,Yes,4,40,100.0
Bachelor,66,62.06108124,No,No,3,34,70.89
Bachelor,69,65.89576201,Yes,No,3,40,61.88
Master,83,82.15928091,Yes,Yes,4,26,100.0
Master,74,71.63954711,Yes,Yes,3,40,96.35
Bachelor,67,57.10350095,No,No,3,17,66.67
Bachelor,60,63.73955128,No,No,3,40,66.2
High School,43,50.0,No,No,2,33,52.5
High School,43,50.0,Yes,No,2,31,43.15
Master,85,95.37041335,Yes,Yes,4,25,100.0
High School,43,50.0,Yes,No,2,33,44.37
Doctorate,86,73.34856239,No,Yes,4,40,100.0
High School,43,50.0,No,No,2,19,48.82
High School,50,55.50479817,Yes,No,2,25,47.6
Doctorate,100,100.0,Yes,Yes,5,35,100.0
Master,70,63.85225203,No,Yes,3,40,100.0
Doctorate,96,98.48349612,No,Yes,4,25,100.0
High School,45,50.0,No,No,2,33,51.77
Master,70,69.47025823,Yes,Yes,3,40,92.7
High School,49,62.22171674,Yes,No,2,21,41.85
Doctorate,90,82.48514836,Yes,Yes,4,40,100.0
Doctorate,85,86.26869831,Yes,Yes,4,37,100.0
High School,45,50.0,No,No,2,22,52.1
Bachelor,64,69.42893162,Yes,No,3,40,61.57
Bachelor,62,62.48991577,Yes,No,3,27,60.3
Doctorate,95,96.5402527,Yes,Yes,4,40,100.0
Doctorate,86,84.04175716,Yes,Yes,4,40,100.0
Bachelor,56,57.34563471,No,No,2,39,59.52
Bachelor,68,66.28403862,No,No,3,39,73.09
High School,55,58.10785945,No,No,2,11,54.13
High School,54,52.15194832,Yes,No,2,40,53.09
Bachelor,67,68.88550197,No,No,3,32,73.44
High School,51,50.85368593,No,No,2,14,52.83
High School,43,50.0,No,No,2,28,48.27
Master,80,79.74303138,Yes,Yes,4,37,100.0
High School,42,50.0,Yes,No,2,40,42.77
Doctorate,88,94.3096075,No,Yes,4,40,100.0
High School,52,50.0,Yes,No,2,19,41.66
High School,51,50.0,Yes,No,2,31,44.95
Bachelor,61,58.02169353,Yes,No,3,27,55.16
Doctorate,97,100.0,Yes,Yes,4,36,100.0
High School,50,50.0,Yes,No,2,18,42.8
High School,40,55.68874267,Yes,No,2,33,43.33
Master,75,80.28028405,No,Yes,3,28,100.0
High School,54,55.11619457,No,No,2,17,56.29
High School,54,53.72553,No,No,2,28,58.19
Master,85,86.42777037,Yes,Yes,4,40,100.0
Bachelor,57,59.60561214,No,No,2,39,63.69
High School,50,53.22607793,No,No,2,16,51.8
Master,79,81.77802233,Yes,Yes,3,40,97.79
Doctorate,91,91.44790341,Yes,Yes,4,30,100.0
Bachelor,64,63.0133079,Yes,No,3,28,58.47
Doctorate,86,85.24363358,No,Yes,4,40,100.0
Doctorate,98,97.0254586,Yes,Yes,4,27,100.0
Master,71,76.66885048,Yes,Yes,3,17,92.62
High School,52,54.96778361,No,No,2,37,60.9
Master,73,58.29805683,No,Yes,3,40,100.0
Master,70,73.27950388,No,Yes,3,37,100.0
Master,72,72.97368097,Yes,Yes,3,32,97.91
Master,82,81.90645622,Yes,Yes,4,40,100.0
Bachelor,63,61.05740773,No,No,3,27,68.7
High School,46,51.6205636,No,No,2,21,53.76
Doctorate,99,100.0,Yes,Yes,4,24,100.0
Doctorate,91,87.13561166,Yes,Yes,4,30,100.0
High School,52,54.03526144,No,No,2,20,57.18
Doctorate,97,92.14171633,Yes,Yes,4,40,100.0
High School,50,50.0,No,No,2,40,53.48
Doctorate,88,84.86641388,Yes,Yes,4,32,100.0
Master,85,89.31196736,Yes,Yes,4,33,100.0
Doctorate,86,90.76562523,No,Yes,4,40,100.0
High School,54,56.5654271,Yes,No,2,40,51.75
High School,53,56.62547893,No,No,2,40,62.83
High School,43,50.0,No,No,2,24,51.25
High School,45,50.0,Yes,No,2,25,45.51
High School,50,52.15961272,No,No,2,15,50.92
Bachelor,65,69.00204763,No,No,3,39,67.74
Bachelor,57,60.77145665,Yes,No,2,24,50.14
Doctorate,85,90.94456686,Yes,Yes,4,23,100.0
High School,53,56.54151924,No,No,2,13,55.69
Doctorate,96,97.75724104,No,Yes,4,40,100.0
High School,47,52.35075119,Yes,No,2,40,45.79
High School,51,50.8673937,No,No,2,36,54.46
Bachelor,67,62.59062674,No,No,3,40,72.36
Bachelor,59,58.18466518,Yes,No,2,40,53.87
Master,84,80.27548678,Yes,Yes,4,28,100.0
Bachelor,70,66.62410863,No,No,3,22,69.6
Master,74,73.27740665,Yes,Yes,3,28,92.74
Master,80,76.0379004,Yes,Yes,4,40,100.0
Master,73,71.46019235,No,Yes,3,37,100.0
Master,75,65.53192667,No,Yes,3,35,100.0
Master,72,73.06646854,Yes,Yes,3,26,94.52
Doctorate,93,93.00602738,Yes,Yes,4,21,100.0
Bachelor,59,54.91455684,Yes,No,2,22,48.2
Master,72,75.29622834,Yes,Yes,3,18,92.55
High School,50,54.68785069,No,No,2,29,54.22
Bachelor,55,50.0,No,No,2,23,55.84
Bachelor,64,60.18637611,No,No,3,40,66.64
Master,81,77.15428825,Yes,Yes,4,40,100.0
Doctorate,90,85.30048449,Yes,Yes,4,27,100.0
Master,84,88.14737421,Yes,Yes,4,31,100.0
Doctorate,86,85.03086931,Yes,Yes,4,40,100.0
High School,52,50.67742579,Yes,No,2,11,43.56
Bachelor,57,50.0,Yes,No,2,23,47.51
High School,55,58.17709015,No,No,2,15,58.61
Doctorate,85,78.80370803,Yes,Yes,4,40,100.0
Doctorate,93,93.29966315,No,Yes,4,36,100.0
High School,47,50.0,No,No,2,34,53.45
Doctorate,96,100.0,Yes,Yes,4,40,100.0
High School,41,50.0,No,No,2,21,45.05
Bachelor,69,53.90243922,Yes,No,3,27,55.3
High School,51,51.91924772,No,No,2,28,58.82
Bachelor,70,79.00255591,Yes,No,3,39,68.94
High School,50,56.19473176,No,No,2,40,57.74
Doctorate,92,93.04829708,Yes,Yes,4,40,100.0
High School,51,50.0,No,No,2,25,55.87
Doctorate,98,100.0,Yes,Yes,4,40,100.0
High School,48,50.0,Yes,No,2,23,45.69
High School,40,50.0,Yes,No,2,15,37.99
Master,82,84.5273508,Yes,Yes,4,40,100.0
Doctorate,89,94.30104954,Yes,Yes,4,40,100.0
Master,77,90.79830019,No,Yes,3,26,100.0
Doctorate,99,100.0,Yes,Yes,4,32,100.0
Master,80,77.45518187,Yes,Yes,4,40,100.0
Bachelor,68,67.87212844,No,No,3,40,71.28
High School,41,50.0,No,No,2,15,46.59
Doctorate,88,84.52643434,Yes,Yes,4,27,100.0
Doctorate,91,88.95358781,Yes,Yes,4,27,100.0
High School,42,50.0,No,No,2,40,52.98
Doctorate,97,97.76177436,Yes,Yes,4,40,100.0
Doctorate,100,95.88790034,Yes,Yes,5,39,100.0
Master,81,86.60515334,Yes,Yes,4,40,100.0
Doctorate,89,89.00103532,Yes,Yes,4,40,100.0
Bachelor,62,61.95349839,No,No,3,36,68.87
Bachelor,66,64.36052642,No,No,3,37,68.35
High School,49,50.0,No,No,2,31,54.77
Doctorate,87,91.12549132,No,Yes,4,24,100.0
High School,43,50.0,No,No,2,40,50.73
Bachelor,68,64.70941755,Yes,No,3,27,61.84
Doctorate,99,97.48136986,Yes,Yes,4,40,100.0
Doctorate,93,86.27064538,No,Yes,4,39,100.0
High School,53,50.0,No,No,2,40,59.63
Bachelor,68,65.61889563,Yes,No,3,30,59.32
Doctorate,91,95.3719459,Yes,Yes,4,40,100.0
High School,40,50.0,No,No,2,32,49.62
Bachelor,68,68.96794956,Yes,No,3,38,60.77
High School,51,55.25448981,Yes,No,2,40,48.65
Master,73,72.31314106,Yes,Yes,3,21,91.45
Doctorate,88,89.95232425,Yes,Yes,4,23,100.0
Master,78,77.48389124,Yes,Yes,3,40,99.4
Bachelor,60,61.32681175,Yes,No,3,36,56.19
Master,85,82.08620671,Yes,Yes,4,24,100.0
Master,78,65.80591421,No,Yes,3,37,100.0
Bachelor,66,65.32860419,No,No,3,29,70.93
High School,54,61.11374068,Yes,No,2,40,52.22
Master,75,79.63107701,Yes,Yes,3,23,93.92
High School,45,50.0,Yes,No,2,34,43.8
Master,74,80.18065361,No,Yes,3,39,100.0
High School,44,50.0,No,No,2,30,49.16
Bachelor,56,56.98657854,No,No,2,18,59.18
Master,77,73.91174052,No,Yes,3,36,100.0
Bachelor,62,60.41963572,No,No,3,37,68.78
Master,80,83.07885575,No,Yes,4,23,100.0
Bachelor,70,76.01942219,Yes,No,3,40,61.59
Bachelor,67,66.30276862,Yes,No,3,29,56.86
Master,70,67.74905368,No,Yes,3,15,99.9
Master,77,77.00263979,Yes,Yes,3,40,99.42
Master,74,77.00603374,Yes,Yes,3,40,95.59
Doctorate,86,78.78072592,Yes,Yes,4,39,100.0
High School,53,50.0,Yes,No,2,40,45.18
Doctorate,100,97.24731575,Yes,Yes,5,40,100.0
Doctorate,86,79.89643787,Yes,Yes,4,40,100.0
Bachelor,68,65.45929901,No,No,3,27,68.84
Master,84,83.26109841,Yes,Yes,4,26,100.0
High School,54,51.73375795,Yes,No,2,17,44.18
Bachelor,60,67.26233767,No,No,3,40,67.68
Doctorate,100,100.0,Yes,Yes,5,33,100.0
Master,80,81.5023718,No,Yes,4,40,100.0
Bachelor,67,70.11103572,No,No,3,30,72.69
Master,78,72.30583441,Yes,Yes,3,24,93.8
Bachelor,55,60.19555894,No,No,2,20,59.6
Master,81,80.62117857,Yes,Yes,4,40,100.0
Doctorate,90,93.35240309,Yes,Yes,4,31,100.0
High School,48,50.0,Yes,No,2,40,44.41
Doctorate,92,84.23120617,Yes,Yes,4,33,100.0
High School,50,54.08944829,Yes,No,2,40,47.41
Master,75,76.88204763,Yes,Yes,3,31,97.27
Bachelor,57,52.48974223,No,No,2,40,59.79
Doctorate,92,87.65168459,Yes,Yes,4,20,100.0
High School,48,53.62717392,No,No,2,38,56.11
Doctorate,85,79.05294054,Yes,Yes,4,23,100.0
High School,51,59.21336477,No,No,2,32,58.65
Doctorate,93,88.49689633,Yes,Yes,4,40,100.0
High School,53,56.19195963,Yes,No,2,25,46.66
High School,55,53.35690762,No,No,2,21,56.35
Master,84,87.01593716,Yes,Yes,4,40,100.0
High School,55,52.27942999,No,No,2,26,58.64
Master,75,74.18603547,No,Yes,3,27,100.0
High School,45,50.0,No,No,2,40,55.08
Bachelor,66,60.98906272,No,No,3,29,72.7
Bachelor,58,61.70412173,No,No,2,21,62.23
Bachelor,55,52.43393217,No,No,2,24,56.93
High School,49,50.0,Yes,No,2,40,48.9
Master,77,72.02825313,No,Yes,3,20,100.0
Master,85,72.18833171,Yes,Yes,4,36,100.0
High School,41,50.0,No,No,2,29,48.83
Bachelor,66,78.06307711,No,No,3,23,67.32
Bachelor,55,58.92302144,Yes,No,2,14,46.68
Master,71,70.9036981,Yes,Yes,3,37,94.27
Bachelor,55,53.68554585,No,No,2,40,63.59
Doctorate,85,85.11232946,Yes,Yes,4,33,100.0
Master,78,80.73559558,Yes,Yes,3,31,98.36
Bachelor,67,61.09593592,No,No,3,33,71.33
Master,83,88.57160847,Yes,Yes,4,40,100.0
Doctorate,85,88.57690658,Yes,Yes,4,20,100.0
Master,82,85.59092863,Yes,Yes,4,32,100.0
Master,73,75.19237869,Yes,Yes,3,40,93.58
Master,79,79.09808329,Yes,Yes,3,20,99.61
Master,75,78.36430618,Yes,Yes,3,20,95.85
Doctorate,91,93.95907067,Yes,Yes,4,40,100.0
High School,41,50.0,No,No,2,39,53.62
Master,75,72.13199114,No,Yes,3,40,100.0
Master,76,76.50928148,Yes,Yes,3,37,98.22
Bachelor,64,71.74510076,Yes,No,3,24,59.45
Master,83,76.80446462,Yes,Yes,4,38,100.0
Bachelor,64,56.66237367,No,No,3,40,66.63
High School,41,50.0,Yes,No,2,32,42.96
Doctorate,99,99.25443851,Yes,Yes,4,23,100.0
Doctorate,86,86.86670832,Yes,Yes,4,39,100.0
High School,49,50.21976599,No,No,2,28,53.79
Doctorate,91,89.88398873,No,Yes,4,40,100.0
High School,51,58.44931719,Yes,No,2,40,49.86
High School,40,50.0,Yes,No,2,13,40.03
High School,47,50.0,No,No,2,16,50.88
Doctorate,95,94.4837262,No,Yes,4,26,100.0
Bachelor,67,58.78405594,Yes,No,3,40,58.3
High School,42,50.0,Yes,No,2,35,41.36
Master,80,88.30735083,Yes,Yes,4,38,100.0
Doctorate,90,90.10443244,Yes,Yes,4,28,100.0
High School,48,50.0,Yes,No,2,29,42.51
High School,45,50.0,No,No,2,25,53.99
Master,78,74.91819296,No,Yes,3,31,100.0
Bachelor,61,59.1240181,Yes,No,3,36,57.55
Bachelor,69,67.41142452,Yes,No,3,27,64.79
Bachelor,70,76.40821898,Yes,No,3,26,61.63
High School,48,50.7884553,Yes,No,2,19,40.52
High School,41,50.0,No,No,2,10,44.44
High School,51,52.23252389,No,No,2,40,60.94
Doctorate,92,94.49110874,No,Yes,4,40,100.0
Master,77,82.70074519,No,Yes,3,22,100.0
High School,41,50.0,No,No,2,30,51.56
Master,81,75.92452904,Yes,Yes,4,40,100.0
Master,83,78.94571244,Yes,Yes,4,37,100.0
Bachelor,58,51.71211071,No,No,2,11,57.25
Doctorate,98,96.8299007,Yes,Yes,4,28,100.0
High School,54,56.33179187,Yes,No,2,12,47.52
Bachelor,65,69.93667258,No,No,3,40,72.45
Bachelor,69,68.62024488,No,No,3,35,72.92
High School,46,50.0,No,No,2,39,53.27
Master,80,80.75878996,No,Yes,4,40,100.0
Bachelor,58,53.82428549,No,No,2,40,65.53
Master,85,95.44769361,Yes,Yes,4,40,100.0
Doctorate,88,79.96169486,No,Yes,4,40,100.0
Master,75,75.92370289,Yes,Yes,3,22,93.96
Doctorate,94,100.0,Yes,Yes,4,29,100.0
Master,75,75.03399922,Yes,Yes,3,28,95.46
Bachelor,64,63.04980482,Yes,No,3,29,58.07
Bachelor,69,67.21277289,No,No,3,31,73.78
Doctorate,87,86.09804159,Yes,Yes,4,37,100.0
High School,54,60.86424237,No,No,2,40,64.23
Doctorate,93,81.94069044,Yes,Yes,4,40,100.0
Doctorate,96,100.0,Yes,Yes,4,40,100.0
Master,79,71.88021424,No,Yes,3,40,100.0
Master,83,81.66673835,Yes,Yes,4,34,100.0
Doctorate,95,92.8537779,Yes,Yes,4,40,100.0
Bachelor,56,58.94276635,No,No,2,37,61.49
Master,75,67.00937824,No,Yes,3,30,100.0
High School,51,53.31086333,Yes,No,2,25,43.32
Master,76,86.12154812,Yes,Yes,3,20,96.55
Master,81,74.18412998,Yes,Yes,4,21,100.0
High School,52,52.94853084,No,No,2,22,55.37
Doctorate,93,89.69008911,Yes,Yes,4,28,100.0
High School,52,54.12943603,No,No,2,40,58.33
Doctorate,87,87.09573889,No,Yes,4,36,100.0
Doctorate,94,90.79256545,Yes,Yes,4,40,100.0
Doctorate,87,89.43936142,No,Yes,4,40,100.0
High School,46,55.02174055,No,No,2,31,54.19
Doctorate,98,97.04548104,Yes,Yes,4,40,100.0
Bachelor,58,61.59878971,No,No,2,16,63.42
High School,52,50.0,Yes,No,2,40,50.25
Bachelor,62,57.21781812,No,No,3,26,64.81
Doctorate,97,99.36203139,Yes,Yes,4,40,100.0
Master,76,83.42058014,Yes,Yes,3,29,100.0
Doctorate,89,90.77806674,Yes,Yes,4,40,100.0
Bachelor,61,59.43470985,No,No,3,27,65.46
Bachelor,70,69.99645703,No,No,3,37,73.5
High School,42,50.0,Yes,No,2,40,43.4
Master,81,84.02257663,Yes,Yes,4,40,100.0
High School,41,50.0,No,No,2,10,46.85
Bachelor,60,57.73954834,No,No,3,19,62.3
Doctorate,86,83.64978926,Yes,Yes,4,32,100.0
Master,72,73.32939115,No,Yes,3,19,100.0
Doctorate,90,87.81640132,Yes,Yes,4,40,100.0
Doctorate,89,88.66933693,No,Yes,4,40,100.0
Master,85,95.49860895,Yes,Yes,4,40,100.0
High School,47,50.0,No,No,2,27,56.56
Doctorate,93,91.20829924,Yes,Yes,4,40,100.0
Bachelor,65,61.76229097,Yes,No,3,24,59.64
Doctorate,87,90.72095986,Yes,Yes,4,40,100.0
Master,81,80.09387913,Yes,Yes,4,40,100.0
Master,79,75.75313481,Yes,Yes,3,39,98.82
Master,72,78.60652016,Yes,Yes,3,37,95.53
High School,42,50.0,Yes,No,2,31,38.83
Doctorate,97,93.99788217,No,Yes,4,23,100.0
High School,52,50.0,No,No,2,40,55.78
High School,45,50.03756845,No,No,2,15,54.26
Master,84,80.57685087,Yes,Yes,4,40,100.0
Master,84,87.953128,No,Yes,4,40,100.0
High School,40,50.0,Yes,No,2,40,43.44
Doctorate,91,95.46298669,No,Yes,4,40,100.0
Bachelor,66,59.94414035,No,No,3,20,65.94
High School,40,50.0,No,No,2,25,50.73
Doctorate,98,98.07136534,Yes,Yes,4,21,100.0
Master,74,69.2303029,No,Yes,3,38,100.0
Master,84,81.96481844,Yes,Yes,4,36,100.0
Doctorate,94,97.43159228,Yes,Yes,4,20,100.0
Bachelor,67,67.52947227,No,No,3,20,70.43
Master,77,79.9220649,Yes,Yes,3,19,97.22
Master,73,82.88220292,Yes,Yes,3,40,97.35
Master,74,66.17879194,No,Yes,3,26,100.0
Doctorate,88,96.08606287,Yes,Yes,4,22,100.0
High School,51,51.52177969,Yes,No,2,10,44.54
Master,81,76.50607976,Yes,Yes,4,40,100.0
High School,53,50.0,No,No,2,33,56.83
Bachelor,58,57.05439805,Yes,No,2,28,51.26
Master,81,85.60825056,Yes,Yes,4,27,100.0
Master,77,76.3622544,Yes,Yes,3,16,97.02
Bachelor,56,63.55577465,No,No,2,39,62.19
Master,70,62.74412155,Yes,Yes,3,40,91.5
High School,42,50.0,Yes,No,2,40,45.1
Doctorate,100,93.73803278,Yes,Yes,5,25,100.0
High School,48,50.0,Yes,No,2,22,40.48
Doctorate,88,92.43443695,No,Yes,4,30,100.0
Doctorate,94,91.89619103,Yes,Yes,4,29,100.0
High School,44,50.0,Yes,No,2,35,40.69
High School,41,50.0,No,No,2,29,54.36
High School,55,57.18369276,Yes,No,2,26,44.67
High School,43,50.0,No,No,2,26,54.79
Bachelor,56,62.17891096,No,No,2,13,58.81
Master,84,78.6447316,Yes,Yes,4,24,100.0
Doctorate,86,89.40108053,Yes,Yes,4,40,100.0
High School,43,50.0,No,No,2,19,51.15
High School,45,50.0,Yes,No,2,37,43.97
High School,46,50.0,No,No,2,40,57.21
Bachelor,64,61.47910084,No,No,3,40,69.52
High School,42,50.0,No,No,2,38,53.0
High School,42,50.0,No,No,2,36,51.67
High School,49,50.0,No,No,2,27,54.44
Master,75,71.6214596,No,Yes,3,24,100.0
Bachelor,67,67.17076209,Yes,No,3,19,55.36
High School,51,50.0,Yes,No,2,19,41.65
Doctorate,87,81.57087436,Yes,Yes,4,40,100.0
Doctorate,97,100.0,Yes,Yes,4,40,100.0
Doctorate,86,80.25602982,Yes,Yes,4,22,100.0
Bachelor,62,65.3315625,No,No,3,40,69.1
Bachelor,59,61.31295646,Yes,No,2,11,50.11
Doctorate,99,90.37096636,Yes,Yes,4,21,100.0
High School,40,50.0,No,No,2,40,50.44
Bachelor,57,62.97054702,Yes,No,2,29,51.84
Doctorate,94,89.09417234,Yes,Yes,4,40,100.0
Doctorate,92,89.67797869,Yes,Yes,4,23,100.0
High School,43,50.0,No,No,2,20,47.09
Master,85,88.91695255,Yes,Yes,4,24,100.0
Bachelor,68,66.74230557,No,No,3,39,73.14
High School,46,50.0,No,No,2,40,55.51
Doctorate,94,100.0,Yes,Yes,4,28,100.0
Doctorate,96,100.0,Yes,Yes,4,25,100.0
High School,53,57.89429025,No,No,2,27,60.16
Bachelor,68,68.42659071,No,No,3,28,67.2
Master,71,66.95867139,No,Yes,3,33,100.0
Master,76,71.84777797,Yes,Yes,3,28,94.32
Doctorate,89,91.61257053,No,Yes,4,36,100.0
Bachelor,59,61.0919911,Yes,No,2,40,54.75
Master,75,82.00799296,Yes,Yes,3,40,97.45
Bachelor,67,70.25225046,No,No,3,31,71.57
Bachelor,63,55.48459849,No,No,3,22,63.39
Doctorate,98,100.0,Yes,Yes,4,20,100.0
Master,75,70.00969686,No,Yes,3,40,100.0
High School,51,50.0,No,No,2,16,52.05
Doctorate,97,98.25100103,No,Yes,4,24,100.0
Master,84,93.97833745,Yes,Yes,4,40,100.0
Master,83,98.54959278,Yes,Yes,4,40,100.0
Master,77,80.0336153,No,Yes,3,31,100.0
Master,76,75.08401691,Yes,Yes,3,34,100.0
Master,78,80.67252824,Yes,Yes,3,17,97.67
Bachelor,58,62.43827713,Yes,No,2,35,53.11
Doctorate,86,84.39666187,Yes,Yes,4,34,100.0
Bachelor,61,69.97605678,No,No,3,22,68.2
High School,45,50.0,Yes,No,2,22,40.65
Master,70,72.48871545,Yes,Yes,3,17,91.29
Doctorate,95,98.32962126,Yes,Yes,4,20,100.0
Master,78,80.10793305,Yes,Yes,3,23,97.28
Doctorate,93,97.1947025,No,Yes,4,40,100.0
Bachelor,66,62.91373407,Yes,No,3,40,59.18
Doctorate,86,83.20849123,Yes,Yes,4,36,100.0
High School,42,50.0,Yes,No,2,40,46.54
High School,44,50.0,No,No,2,18,49.45
Doctorate,89,92.89468252,Yes,Yes,4,32,100.0
Doctorate,99,100.0,Yes,Yes,4,24,100.0
Doctorate,85,93.37246217,Yes,Yes,4,32,100.0
Doctorate,92,91.97201991,Yes,Yes,4,20,100.0
High School,51,54.34370828,Yes,No,2,34,49.41
Master,77,71.54149562,No,Yes,3,18,100.0
Doctorate,88,86.06450149,Yes,Yes,4,40,100.0
Doctorate,97,100.0,Yes,Yes,4,29,100.0
High School,46,50.24551055,Yes,No,2,37,44.1
High School,54,52.53016526,No,No,2,15,55.61
Bachelor,69,68.64200374,No,No,3,40,74.47
Doctorate,95,87.41063127,No,Yes,4,31,100.0
Bachelor,64,62.214854,Yes,No,3,17,53.32
High School,42,50.0,Yes,No,2,40,43.76
High School,45,50.0,No,No,2,19,52.57
Master,83,85.50332861,Yes,Yes,4,40,100.0
Doctorate,100,100.0,Yes,Yes,5,39,100.0
Bachelor,64,64.03531579,No,No,3,21,68.62
High School,52,50.0,Yes,No,2,40,48.92
High School,49,52.4941421,No,No,2,23,54.31
Bachelor,66,68.10486472,No,No,3,28,66.5
Master,83,85.46009424,Yes,Yes,4,22,100.0
High School,48,50.0,Yes,No,2,12,42.22
Doctorate,85,74.2332854,Yes,Yes,4,40,100.0
High School,44,50.0,No,No,2,28,49.65
Doctorate,88,85.60581272,Yes,Yes,4,40,100.0
Bachelor,62,57.68612118,No,No,3,26,67.54
Doctorate,95,98.46739456,Yes,Yes,4,24,100.0
Bachelor,66,64.0399368,No,No,3,24,69.77
Doctorate,85,90.29968192,Yes,Yes,4,40,100.0
Bachelor,63,66.08502975,No,No,3,27,67.83
Doctorate,100,100.0,Yes,Yes,5,40,100.0
Master,75,68.17022144,No,Yes,3,40,100.0
Doctorate,88,94.05971993,Yes,Yes,4,30,100.0
Doctorate,96,97.30625266,No,Yes,4,40,100.0
Master,78,76.1536143,Yes,Yes,3,40,98.36
High School,50,50.71694234,No,No,2,28,54.73
High School,44,50.0,No,No,2,15,50.69
Doctorate,99,100.0,Yes,Yes,4,40,100.0
Master,74,68.85314246,No,Yes,3,18,100.0
Doctorate,96,89.23664857,No,Yes,4,40,100.0
Bachelor,59,51.38820407,No,No,2,22,58.7
Bachelor,55,60.56344187,No,No,2,40,60.73
Doctorate,85,81.85368303,No,Yes,4,38,100.0
High School,47,54.66863855,Yes,No,2,21,43.98
High School,51,50.0,Yes,No,2,20,46.56
Doctorate,92,83.46321021,Yes,Yes,4,25,100.0
Doctorate,96,90.4173778,Yes,Yes,4,31,100.0
Bachelor,69,75.1790581,No,No,3,40,76.32
High School,54,53.22050911,No,No,2,34,58.91
Doctorate,90,87.25856352,Yes,Yes,4,22,100.0
Bachelor,66,66.80009113,Yes,No,3,17,56.88
High School,50,52.50891368,No,No,2,29,58.67
Master,82,87.58699408,Yes,Yes,4,40,100.0
Bachelor,58,65.24249615,No,No,2,32,62.12
High School,41,50.0,Yes,No,2,12,37.41
High School,53,50.0,Yes,No,2,33,50.36
Bachelor,56,53.93267419,Yes,No,2,15,50.2
Master,78,79.30140253,Yes,Yes,3,34,97.91
Bachelor,69,64.18120537,Yes,No,3,25,59.25
High School,44,50.0,No,No,2,40,53.44
Doctorate,88,89.71893941,Yes,Yes,4,40,100.0
Doctorate,94,93.75673824,Yes,Yes,4,40,100.0
Bachelor,67,67.16398498,No,No,3,27,67.97
High School,40,50.0,No,No,2,31,49.11
Doctorate,91,89.84799643,No,Yes,4,40,100.0
High School,42,50.0,Yes,No,2,31,42.12
Bachelor,60,64.45099206,Yes,No,3,40,60.99
Doctorate,89,94.17624667,Yes,Yes,4,40,100.0
High School,44,50.0,No,No,2,27,54.02
Doctorate,95,90.3524457,Yes,Yes,4,40,100.0
Bachelor,59,51.51735372,No,No,2,30,60.2
High School,40,50.0,Yes,No,2,23,40.8
Doctorate,85,84.58281015,Yes,Yes,4,40,100.0
Bachelor,57,50.0,No,No,2,36,60.66
Doctorate,98,93.39070093,No,Yes,4,40,100.0
Doctorate,96,90.98021314,Yes,Yes,4,40,100.0
Master,79,80.03633665,Yes,Yes,3,40,100.0
Master,73,73.34672169,No,Yes,3,40,100.0
Bachelor,59,55.39131223,No,No,2,35,60.55
Master,71,71.88410436,No,Yes,3,34,100.0
Bachelor,62,59.26659958,Yes,No,3,33,55.56
Master,80,78.64172445,No,Yes,4,40,100.0
Doctorate,95,100.0,Yes,Yes,4,40,100.0
Bachelor,68,74.70230526,No,No,3,37,75.87
Bachelor,56,50.0,Yes,No,2,38,52.54
Doctorate,93,97.14866209,Yes,Yes,4,34,100.0
Bachelor,56,60.05698277,No,No,2,12,56.15
Bachelor,67,61.25868356,No,No,3,24,69.29
Master,78,82.09388822,No,Yes,3,29,100.0
Bachelor,61,68.68965959,No,No,3,30,69.0
High School,54,50.0,No,No,2,26,57.31
Doctorate,92,87.41248589,Yes,Yes,4,38,100.0
Master,84,89.08830733,Yes,Yes,4,30,100.0
Master,80,81.35747655,Yes,Yes,4,24,100.0
High School,41,50.0,No,No,2,14,47.37
Doctorate,91,92.70294608,No,Yes,4,33,100.0
Doctorate,96,97.9534796,Yes,Yes,4,40,100.0
Master,75,68.36763936,No,Yes,3,22,100.0
Bachelor,58,63.23658853,Yes,No,2,14,51.06
Master,76,81.84794996,Yes,Yes,3,21,100.0
Doctorate,100,98.85304628,Yes,Yes,5,40,100.0
High School,53,52.78261525,No,No,2,23,54.91
Master,82,74.34446249,Yes,Yes,4,23,98.56
Doctorate,88,90.57127378,Yes,Yes,4,40,100.0
Master,85,87.86028721,Yes,Yes,4,36,100.0
Bachelor,56,55.68904492,Yes,No,2,40,54.73
Master,79,84.6217668,Yes,Yes,3,20,97.39
Master,81,79.32961385,Yes,Yes,4,35,100.0
Doctorate,91,93.82302963,No,Yes,4,40,100.0
Doctorate,92,86.90167831,Yes,Yes,4,40,100.0
Doctorate,86,85.88223925,Yes,Yes,4,29,100.0
Master,74,73.12822871,Yes,Yes,3,40,95.56
Bachelor,55,56.12653961,No,No,2,38,59.45
High School,46,50.0,No,No,2,23,54.54
High School,47,50.0,No,No,2,13,52.81
Doctorate,97,100.0,Yes,Yes,4,40,100.0
Doctorate,100,97.81617881,Yes,Yes,5,37,100.0
Master,75,66.9671145,No,Yes,3,32,100.0
High School,44,52.74791952,Yes,No,2,40,45.73
Doctorate,99,100.0,No,Yes,4,40,100.0
Bachelor,60,53.53868652,No,No,3,30,65.85
Bachelor,69,72.44853903,Yes,No,3,29,63.35
Doctorate,86,83.48512615,No,Yes,4,24,100.0
Doctorate,85,86.31743608,Yes,Yes,4,25,100.0
High School,46,50.0,Yes,No,2,12,43.56
High School,46,50.0,Yes,No,2,21,43.45
Master,79,75.08117167,Yes,Yes,3,40,99.18
High School,50,50.0,No,No,2,40,57.29
Bachelor,64,59.41904042,No,No,3,40,71.3
Bachelor,68,63.84088896,Yes,No,3,40,60.13
Doctorate,86,85.66410855,Yes,Yes,4,40,100.0
High School,41,50.0,No,No,2,30,50.21
Master,70,73.41026033,No,Yes,3,40,100.0
Bachelor,64,71.43623078,No,No,3,40,73.84
Bachelor,62,59.09973379,Yes,No,3,22,55.5
Master,84,85.1970225,No,Yes,4,40,100.0
Master,77,79.49842555,No,Yes,3,40,100.0
Bachelor,55,57.36001135,No,No,2,11,58.11
Bachelor,66,66.37977634,Yes,No,3,26,60.47
Master,80,83.71341209,Yes,Yes,4,40,100.0
Bachelor,62,64.41124476,No,No,3,31,66.92
Doctorate,93,86.81168789,Yes,Yes,4,26,100.0
Doctorate,98,100.0,Yes,Yes,4,23,100.0
Master,73,77.43645419,Yes,Yes,3,40,100.0
High School,40,50.0,No,No,2,20,48.81
Master,70,70.18968918,No,Yes,3,15,100.0
Master,72,75.41664496,Yes,Yes,3,39,97.15
High School,54,52.9534309,Yes,No,2,33,48.91
High School,55,60.36489024,Yes,No,2,26,48.58
High School,53,64.81936247,No,No,2,17,58.4
Doctorate,89,85.07006984,Yes,Yes,4,40,100.0
Bachelor,70,63.09477698,No,No,3,32,69.37
Doctorate,89,90.51909298,No,Yes,4,40,100.0
Bachelor,63,66.60781253,No,No,3,36,67.82
Doctorate,94,92.84566813,Yes,Yes,4,35,100.0
Bachelor,68,75.26630332,Yes,No,3,16,57.41
Doctorate,96,89.306971,No,Yes,4,24,100.0
High School,41,50.0,Yes,No,2,27,41.3
Master,71,67.9706959,No,Yes,3,17,100.0
Doctorate,100,100.0,Yes,Yes,5,40,100.0
Bachelor,60,69.96257677,Yes,No,3,31,56.53
High School,54,50.16671706,No,No,2,25,60.55
Doctorate,93,90.25221432,Yes,Yes,4,25,100.0
Doctorate,85,89.29793943,Yes,Yes,4,26,100.0
High School,48,50.0,Yes,No,2,23,44.33
Doctorate,93,92.77294391,Yes,Yes,4,34,100.0
Master,85,85.1269421,Yes,Yes,4,40,100.0
Doctorate,97,87.40163422,No,Yes,4,40,100.0
Master,78,77.93081127,Yes,Yes,3,40,100.0
Master,74,70.55136113,Yes,Yes,3,19,91.83
High School,52,50.0,No,No,2,38,55.14
Doctorate,99,100.0,Yes,Yes,4,40,100.0
High School,48,50.0,Yes,No,2,15,43.55
Doctorate,95,99.06602593,No,Yes,4,21,100.0
Doctorate,88,86.60518535,Yes,Yes,4,25,100.0
Bachelor,56,54.60119916,No,No,2,13,54.73
Doctorate,97,100.0,Yes,Yes,4,40,100.0
High School,45,50.0,Yes,No,2,34,42.22
Master,83,85.85306499,Yes,Yes,4,28,100.0
Doctorate,88,92.8409233,Yes,Yes,4,22,100.0
Bachelor,60,58.34345808,No,No,3,40,66.19
High School,42,50.0,No,No,2,36,53.1
Doctorate,90,84.57424737,Yes,Yes,4,40,100.0
High School,41,50.0,No,No,2,40,55.39
Bachelor,56,70.74547213,No,No,2,10,59.48
Bachelor,67,73.2233979,No,No,3,30,73.88
High School,48,50.0,No,No,2,20,53.69
Doctorate,91,84.38771022,Yes,Yes,4,40,100.0
Master,72,74.40933031,Yes,Yes,3,15,93.27
Bachelor,67,69.73632399,Yes,No,3,40,63.34
Doctorate,95,97.74441918,No,Yes,4,40,100.0
Doctorate,85,83.72522103,Yes,Yes,4,28,100.0
Master,77,76.3727287,Yes,Yes,3,36,98.57
Bachelor,68,69.63939762,Yes,No,3,22,61.65
Bachelor,60,60.42946503,Yes,No,3,40,56.91
Doctorate,91,79.90349814,Yes,Yes,4,38,100.0
Doctorate,93,91.85100185,Yes,Yes,4,40,100.0
Master,74,69.74296783,No,Yes,3,35,100.0
Master,84,84.87605709,No,Yes,4,40,100.0
Bachelor,55,69.92629501,Yes,No,2,33,49.57
High School,51,52.83740833,No,No,2,28,56.52
Bachelor,64,62.43235157,Yes,No,3,16,54.52
Doctorate,91,95.60900751,Yes,Yes,4,33,100.0
Bachelor,69,71.41343944,No,No,3,40,72.48
High School,44,50.0,Yes,No,2,40,43.11
Master,72,75.03425297,Yes,Yes,3,40,92.23
High School,51,61.28271782,No,No,2,22,56.15
High School,52,50.0,Yes,No,2,21,40.3
High School,48,50.36816038,No,No,2,17,49.46
Master,70,65.36809435,No,Yes,3,29,100.0
High School,40,50.0,Yes,No,2,35,42.82
High School,55,50.40656744,Yes,No,2,21,47.58
High School,40,50.0,No,No,2,36,49.47
Doctorate,87,85.52455043,Yes,Yes,4,37,100.0
High School,51,55.8790836,No,No,2,40,58.67
Master,75,79.59227222,No,Yes,3,40,100.0
High School,49,50.0,No,No,2,18,56.21
High School,50,50.27467055,No,No,2,10,54.31
Master,72,68.45210073,No,Yes,3,21,100.0
High School,47,50.0,No,No,2,35,54.8
Master,83,81.91491475,Yes,Yes,4,26,100.0
High School,53,51.45758606,Yes,No,2,16,41.11
Master,79,91.13358243,Yes,Yes,3,22,99.53
High School,41,50.0,No,No,2,25,48.89
High School,53,50.0,No,No,2,12,52.3
Doctorate,93,90.17612998,Yes,Yes,4,29,100.0
Doctorate,87,92.10691648,Yes,Yes,4,26,100.0
High School,44,54.44221386,No,No,2,30,54.67
High School,49,50.0,Yes,No,2,40,45.36
Bachelor,62,52.60037807,No,No,3,37,67.22
Master,85,94.35482588,Yes,Yes,4,40,100.0
Bachelor,56,57.94807089,No,No,2,31,62.09
Doctorate,90,85.65853634,Yes,Yes,4,40,100.0
Doctorate,96,98.67314543,Yes,Yes,4,23,100.0
Doctorate,89,75.8212613,Yes,Yes,4,40,100.0
Doctorate,97,97.01687753,Yes,Yes,4,40,100.0
High School,49,50.63910586,No,No,2,28,56.62
Doctorate,93,97.6213507,Yes,Yes,4,22,100.0
High School,51,50.0,No,No,2,36,59.0
High School,44,50.0,No,No,2,12,48.73
Doctorate,86,81.37287687,Yes,Yes,4,40,100.0
Doctorate,100,100.0,No,Yes,5,40,100.0
Master,74,69.52326839,Yes,Yes,3,40,100.0
Bachelor,69,66.9594958,Yes,No,3,24,59.11
Doctorate,96,91.02092303,Yes,Yes,4,40,100.0
Master,73,76.25568121,Yes,Yes,3,40,97.15
Master,84,88.29225558,No,Yes,4,40,100.0
Bachelor,65,63.82689715,Yes,No,3,40,59.3
High School,55,55.19118997,No,No,2,32,58.7
Doctorate,91,83.75704293,Yes,Yes,4,31,100.0
Bachelor,60,58.50161676,Yes,No,3,39,57.6
Doctorate,98,97.74897691,Yes,Yes,4,39,100.0
Master,71,84.10396546,Yes,Yes,3,21,94.42
Master,81,75.44016487,Yes,Yes,4,40,100.0
High School,50,57.32088619,Yes,No,2,38,51.62
Master,80,84.98429387,Yes,Yes,4,32,100.0
Master,82,83.40318202,Yes,Yes,4,22,100.0
Bachelor,59,67.79310242,No,No,2,11,60.95
Doctorate,91,92.86052736,Yes,Yes,4,35,100.0
Doctorate,95,96.94579598,Yes,Yes,4,40,100.0
Bachelor,61,60.73439673,Yes,No,3,20,54.13
High School,55,61.11784441,Yes,No,2,16,44.79
Doctorate,99,100.0,Yes,Yes,4,24,100.0
Master,74,70.87161356,No,Yes,3,21,100.0
Doctorate,96,89.40376403,Yes,Yes,4,40,100.0
Master,84,82.98509681,Yes,Yes,4,40,100.0
High School,48,50.0,No,No,2,22,50.85
Bachelor,58,57.68237713,Yes,No,2,39,49.46
Doctorate,95,100.0,Yes,Yes,4,40,100.0
Bachelor,57,54.71349172,Yes,No,2,30,52.04
Doctorate,99,98.78588309,Yes,Yes,4,40,100.0
Master,73,73.29011367,Yes,Yes,3,40,95.24
Bachelor,59,63.24215441,No,No,2,29,64.66
Doctorate,97,85.76555333,No,Yes,4,40,100.0
Master,75,71.96649853,Yes,Yes,3,19,93.4
Bachelor,57,58.05641846,Yes,No,2,27,51.93
Bachelor,56,62.00039478,No,No,2,20,60.7
Doctorate,98,95.54048776,Yes,Yes,4,36,100.0
Doctorate,97,87.61723647,Yes,Yes,4,40,100.0
Doctorate,88,91.09855723,Yes,Yes,4,39,100.0
Master,85,81.82318806,Yes,Yes,4,25,100.0
Doctorate,89,83.0516667,Yes,Yes,4,40,100.0
Bachelor,58,54.87827305,No,No,2,23,60.41
Bachelor,68,67.07737321,No,No,3,37,72.49
Doctorate,95,91.97627668,No,Yes,4,39,100.0
Doctorate,97,85.97216971,Yes,Yes,4,32,100.0
High School,54,58.48533098,Yes,No,2,40,50.65
Bachelor,66,72.37437521,No,No,3,40,74.82
Master,72,75.25760996,Yes,Yes,3,28,95.34
High School,47,50.0,No,No,2,40,54.76
Doctorate,100,98.99254233,Yes,Yes,5,32,100.0
Doctorate,94,93.96739342,No,Yes,4,40,100.0
Bachelor,58,60.99397195,Yes,No,2,31,54.15
Doctorate,98,100.0,Yes,Yes,4,35,100.0
Master,71,67.32913101,No,Yes,3,40,100.0
Bachelor,56,56.40997778,No,No,2,19,55.89
Doctorate,85,87.28640202,Yes,Yes,4,40,100.0
Bachelor,67,74.27911161,Yes,No,3,40,65.68
Doctorate,88,91.5225327,No,Yes,4,40,100.0
Doctorate,94,97.94528344,No,Yes,4,40,100.0
Doctorate,93,93.41913314,No,Yes,4,36,100.0
Master,83,90.05229573,Yes,Yes,4,40,100.0
Master,80,82.04881398,No,Yes,4,40,100.0
Bachelor,61,56.69456045,No,No,3,40,64.27
Doctorate,99,100.0,Yes,Yes,4,40,100.0
Doctorate,96,99.48951636,Yes,Yes,4,40,100.0
Master,79,76.78477989,Yes,Yes,3,15,92.99
Doctorate,91,88.60253516,No,Yes,4,23,100.0
Master,82,83.48287773,No,Yes,4,23,100.0
Doctorate,99,100.0,Yes,Yes,4,40,100.0
Bachelor,61,61.98646133,No,No,3,18,63.9
Doctorate,99,100.0,Yes,Yes,4,28,100.0
Doctorate,92,100.0,No,Yes,4,40,100.0
High School,40,50.0,Yes,No,2,13,42.1
Master,79,79.95317796,Yes,Yes,3,19,98.1
Doctorate,97,100.0,Yes,Yes,4,40,100.0
Doctorate,94,88.83738048,Yes,Yes,4,35,100.0
High School,47,50.0,No,No,2,31,54.63
High School,43,52.04653175,No,No,2,17,49.94
Master,73,71.90977052,Yes,Yes,3,40,95.49
High School,43,50.0,Yes,No,2,25,41.11
Bachelor,60,56.73955556,No,No,3,19,63.12
High School,46,50.0,No,No,2,25,54.21
Bachelor,60,56.07619046,No,No,3,21,63.47
Master,70,68.14745951,Yes,Yes,3,15,91.34
Master,81,73.9721649,No,Yes,4,28,100.0
Master,77,77.07809167,Yes,Yes,3,32,97.87
Master,82,86.51138587,Yes,Yes,4,22,99.61
Master,79,74.4612191,No,Yes,3,38,100.0
Bachelor,69,76.59641962,Yes,No,3,40,65.51
Bachelor,65,67.55396044,No,No,3,24,70.61
Master,82,87.15290293,Yes,Yes,4,28,98.84
High School,46,50.0,No,No,2,22,56.48
Doctorate,90,94.27262614,Yes,Yes,4,40,100.0
Master,75,69.5403305,Yes,Yes,3,37,98.17
High School,44,50.0,No,No,2,26,49.82
Doctorate,90,90.8591967,No,Yes,4,26,100.0
Master,81,83.7662561,No,Yes,4,35,100.0
Master,78,72.12202697,Yes,Yes,3,40,97.18
Bachelor,64,59.52465079,Yes,No,3,34,61.83
Doctorate,93,95.98614109,Yes,Yes,4,40,100.0
Doctorate,99,94.25825998,Yes,Yes,4,24,100.0
High School,49,51.31603146,No,No,2,15,54.75
Bachelor,62,55.16431097,Yes,No,3,40,58.02
Bachelor,64,68.24087106,Yes,No,3,19,57.8
Bachelor,63,56.83738343,No,No,3,16,65.0
Bachelor,67,69.76149969,Yes,No,3,35,66.51
Doctorate,94,97.12815467,Yes,Yes,4,37,100.0
Doctorate,92,88.51614091,Yes,Yes,4,31,100.0
Master,77,79.91013284,Yes,Yes,3,31,100.0
Master,85,86.30221132,Yes,Yes,4,34,100.0
Bachelor,55,52.30579072,No,No,2,16,58.74
Bachelor,64,58.95722658,Yes,No,3,28,58.27
Bachelor,65,55.18687154,No,No,3,15,62.5
Master,74,75.74825024,Yes,Yes,3,17,96.97
High School,43,50.0,No,No,2,40,51.21
High School,41,50.0,No,No,2,22,50.41
Master,77,75.68275892,Yes,Yes,3,32,95.93
Master,72,75.39571388,Yes,Yes,3,31,94.6
Master,73,71.4897725,No,Yes,3,31,100.0
Master,81,79.35276107,Yes,Yes,4,30,100.0
Master,76,79.65935352,Yes,Yes,3,34,98.88
Master,79,80.67529015,Yes,Yes,3,24,100.0
Bachelor,63,64.58077979,No,No,3,40,70.32
Bachelor,56,58.34633795,No,No,2,40,61.18
Bachelor,57,50.0,Yes,No,2,26,50.33
Bachelor,58,61.7839434,Yes,No,2,22,53.04
Master,79,82.06234397,No,Yes,3,40,100.0
High School,40,50.0,Yes,No,2,35,42.44
Doctorate,91,89.77959763,Yes,Yes,4,40,100.0
Master,71,70.80346356,No,Yes,3,27,100.0
Doctorate,89,88.32751608,No,Yes,4,31,100.0
High School,54,55.66929983,No,No,2,37,59.38
Bachelor,55,62.15683391,Yes,No,2,11,47.83
High School,42,50.0,Yes,No,2,40,42.65
Master,81,74.43890403,No,Yes,4,40,100.0
Bachelor,56,59.11034995,No,No,2,38,59.33
Master,70,76.6446666,Yes,Yes,3,40,92.45
Bachelor,61,62.9340426,Yes,No,3,25,59.03
Doctorate,89,94.45490213,Yes,Yes,4,40,100.0
Doctorate,85,95.06135223,Yes,Yes,4,30,100.0
Doctorate,90,95.11854773,Yes,Yes,4,28,100.0
High School,55,56.24654298,Yes,No,2,23,46.92
Master,74,79.22544237,Yes,Yes,3,23,92.65
High School,54,54.72443917,No,No,2,12,59.03
Doctorate,87,87.11951522,Yes,Yes,4,40,100.0
Master,81,79.24292882,Yes,Yes,4,38,100.0
Doctorate,91,98.81706679,No,Yes,4,40,100.0
High School,55,50.90785667,No,No,2,40,61.65
High School,50,57.66183862,No,No,2,16,54.28
High School,49,51.49932062,Yes,No,2,37,41.35
Doctorate,93,86.00346913,Yes,Yes,4,37,100.0
Master,83,84.83824646,No,Yes,4,24,100.0
Master,82,71.49986746,No,Yes,4,40,100.0
Doctorate,97,100.0,Yes,Yes,4,40,100.0
Master,78,82.42615741,Yes,Yes,3,40,100.0
Doctorate,98,95.03822022,Yes,Yes,4,31,100.0
Master,78,78.61773848,No,Yes,3,33,100.0
Bachelor,56,65.77078717,No,No,2,10,59.84
Bachelor,70,67.47126648,Yes,No,3,17,61.75
High School,42,50.0,No,No,2,36,53.92
Bachelor,61,68.40831701,No,No,3,32,68.54
Bachelor,59,68.81293595,No,No,2,39,65.32
Bachelor,56,56.01847836,No,No,2,11,56.73
Doctorate,87,92.05731518,No,Yes,4,24,100.0
Bachelor,64,70.70737958,No,No,3,40,70.58
Bachelor,60,56.28757884,No,No,3,40,62.87
High School,52,50.0,No,No,2,29,56.15
Bachelor,61,67.15437257,Yes,No,3,40,56.95
Bachelor,63,71.42507139,Yes,No,3,19,55.43
Master,70,72.8144043,No,Yes,3,35,100.0
High School,50,50.0,No,No,2,24,57.38
High School,46,55.93530556,No,No,2,29,56.37
High School,47,50.0,No,No,2,17,48.91
High School,51,50.0,Yes,No,2,40,45.52
High School,53,54.71168917,No,No,2,21,58.47
High School,42,50.0,No,No,2,30,49.54
Doctorate,88,92.26987988,No,Yes,4,40,100.0
Bachelor,64,66.0743275,Yes,No,3,40,61.31
High School,45,50.0,No,No,2,35,51.81
Bachelor,64,64.21757334,Yes,No,3,40,60.05
Bachelor,70,72.79069757,No,No,3,40,71.89
Doctorate,91,78.35219961,Yes,Yes,4,40,100.0
High School,52,50.5169627,No,No,2,40,58.74
Master,83,84.20660967,Yes,Yes,4,20,100.0
Doctorate,88,82.24492958,Yes,Yes,4,34,100.0
Master,77,78.93161659,Yes,Yes,3,15,95.5
Bachelor,59,57.9776439,No,No,2,20,61.2
Bachelor,55,63.77737849,Yes,No,2,11,48.35
Doctorate,88,95.86509863,Yes,Yes,4,20,100.0
Doctorate,87,84.67097215,Yes,Yes,4,40,100.0
Master,78,77.24581144,Yes,Yes,3,30,97.09
High School,47,50.0,No,No,2,31,54.39
Master,70,67.74170262,Yes,Yes,3,32,93.43
Doctorate,95,95.97512492,No,Yes,4,36,100.0
Master,75,71.20858966,Yes,Yes,3,40,96.82
Doctorate,93,87.34692333,No,Yes,4,29,100.0
Master,76,79.11355612,Yes,Yes,3,40,97.5
Doctorate,88,91.14764792,Yes,Yes,4,40,100.0
Doctorate,97,92.9784212,No,Yes,4,35,100.0
Doctorate,85,89.47677715,Yes,Yes,4,25,100.0
High School,51,50.0,Yes,No,2,12,41.91
Master,71,72.26582619,Yes,Yes,3,35,92.77
Master,81,85.10172006,No,Yes,4,32,100.0
Master,74,73.83193718,Yes,Yes,3,32,94.98
Doctorate,96,98.27370456,Yes,Yes,4,40,100.0
Master,80,77.41785178,Yes,Yes,4,40,100.0
Master,85,84.01766708,Yes,Yes,4,23,100.0
Doctorate,89,87.97070285,Yes,Yes,4,40,100.0
Bachelor,62,58.26710827,No,No,3,38,71.64
Doctorate,90,89.11612918,Yes,Yes,4,29,100.0
Master,77,69.25690851,No,Yes,3,16,100.0
Doctorate,86,83.54423126,Yes,Yes,4,25,100.0
Bachelor,57,55.57562253,No,No,2,27,60.49
Doctorate,90,88.71910124,Yes,Yes,4,36,100.0
Master,81,79.79251277,Yes,Yes,4,40,100.0
Bachelor,67,66.691179,Yes,No,3,40,61.93
High School,49,51.39720759,No,No,2,30,54.99
Master,72,76.37258537,Yes,Yes,3,24,95.8
Bachelor,60,56.75117387,No,No,3,27,68.82
Bachelor,60,53.98399572,No,No,3,26,62.58
High School,41,50.0,Yes,No,2,18,36.46
Doctorate,91,88.56398539,Yes,Yes,4,23,100.0
Doctorate,96,94.24039341,Yes,Yes,4,40,100.0
Master,71,67.15001967,Yes,Yes,3,40,92.32
High School,45,50.0,No,No,2,14,53.88
Doctorate,85,82.71939586,Yes,Yes,4,34,100.0
High School,42,50.0,Yes,No,2,13,37.84
Doctorate,86,88.97514733,Yes,Yes,4,27,100.0
Bachelor,61,58.21288473,Yes,No,3,38,60.1
Doctorate,98,95.93501089,No,Yes,4,40,100.0
High School,43,50.0,Yes,No,2,36,42.49
Bachelor,62,61.84280415,No,No,3,15,63.46
Bachelor,60,55.75785683,Yes,No,3,40,54.12
Bachelor,66,68.86563907,No,No,3,31,69.12
High School,49,50.0,No,No,2,35,53.3
Master,73,71.20185164,Yes,Yes,3,38,95.51
Master,74,75.5055367,No,Yes,3,35,100.0
Master,82,82.91917258,No,Yes,4,40,100.0
High School,52,65.46516832,No,No,2,22,55.28
Bachelor,69,70.74900012,Yes,No,3,17,60.86
Master,84,78.97972702,Yes,Yes,4,40,100.0
High School,48,50.0,Yes,No,2,40,42.01
Master,76,67.11876833,No,Yes,3,33,100.0
Doctorate,100,99.59700125,No,Yes,5,38,100.0
Master,79,74.83471971,No,Yes,3,36,100.0
Master,83,87.57695138,Yes,Yes,4,36,100.0
Bachelor,68,65.25229863,No,No,3,18,69.59
High School,48,50.0,No,No,2,28,52.79
Bachelor,61,57.82221079,Yes,No,3,16,53.35
Bachelor,70,78.69425676,Yes,No,3,29,65.21
Bachelor,66,64.39378617,Yes,No,3,16,57.43
Bachelor,55,64.16278522,Yes,No,2,20,50.41
Bachelor,70,74.07075881,No,No,3,37,72.52
Master,81,83.41033364,No,Yes,4,29,100.0
Bachelor,62,63.84366574,No,No,3,17,62.49
Bachelor,58,59.96898649,Yes,No,2,14,48.87
High School,42,50.0,Yes,No,2,12,36.99
Doctorate,100,98.60558303,Yes,Yes,5,37,100.0
Master,83,87.22578986,No,Yes,4,38,100.0
Master,82,81.75551408,Yes,Yes,4,40,100.0
Master,76,68.97405077,No,Yes,3,38,100.0
Bachelor,66,65.73797775,Yes,No,3,38,58.66
Bachelor,57,65.52052758,Yes,No,2,26,50.87
Bachelor,62,68.23445858,Yes,No,3,24,59.67
High School,45,50.0,Yes,No,2,11,40.43
Doctorate,89,93.75724639,Yes,Yes,4,40,100.0
Bachelor,58,56.1674649,No,No,2,15,59.27
Doctorate,92,83.48064207,No,Yes,4,21,100.0
High School,47,50.0,No,No,2,30,53.38
Master,81,88.81444384,Yes,Yes,4,40,100.0
Bachelor,55,53.63003459,Yes,No,2,38,49.62
Doctorate,93,91.7830801,Yes,Yes,4,26,100.0
Doctorate,98,96.50080902,Yes,Yes,4,40,100.0
Bachelor,59,68.52068295,No,No,2,32,62.43
Master,73,81.12979458,No,Yes,3,40,100.0
Master,75,86.09390117,Yes,Yes,3,22,93.35
Master,75,74.20477395,No,Yes,3,26,100.0
High School,41,50.0,Yes,No,2,19,37.14
Doctorate,92,84.41678725,Yes,Yes,4,34,100.0
Doctorate,91,98.38467213,Yes,Yes,4,40,100.0
Doctorate,100,94.16110224,Yes,Yes,5,40,100.0
High School,40,50.0,No,No,2,12,47.79
Doctorate,89,83.51348736,No,Yes,4,21,100.0
High School,55,52.05566587,No,No,2,15,56.32
Master,81,76.81368784,Yes,Yes,4,40,100.0
Bachelor,60,56.9606237,No,No,3,23,65.68
Doctorate,88,85.30438648,No,Yes,4,29,100.0
Doctorate,86,83.25865603,No,Yes,4,40,100.0
Master,82,86.16666956,Yes,Yes,4,22,100.0
Bachelor,68,62.47568603,Yes,No,3,38,59.86
High School,43,50.0,Yes,No,2,31,44.13
Bachelor,55,61.08979576,No,No,2,23,58.82
Master,76,73.43401818,Yes,Yes,3,40,96.18
Master,71,67.41040555,Yes,Yes,3,40,95.06
Bachelor,67,65.84737687,Yes,No,3,36,59.27
High School,41,50.0,No,No,2,38,52.26
High School,48,50.0,No,No,2,28,54.18
Doctorate,89,86.34392853,Yes,Yes,4,38,100.0
High School,41,50.0,Yes,No,2,15,39.7
Bachelor,65,59.48853925,Yes,No,3,33,58.3
Master,78,81.40679755,No,Yes,3,27,100.0
Doctorate,93,95.04303654,No,Yes,4,40,100.0
Doctorate,85,83.46095764,Yes,Yes,4,40,100.0
Master,80,75.80707101,Yes,Yes,4,40,100.0
High School,42,50.0,No,No,2,40,50.38
Master,73,75.67408668,Yes,Yes,3,16,90.9
High School,53,59.14490251,No,No,2,39,59.57
Master,76,72.81346126,No,Yes,3,40,100.0
Bachelor,64,66.29193352,No,No,3,21,67.03
High School,43,50.0,Yes,No,2,29,41.96
Bachelor,56,53.07691135,Yes,No,2,40,51.67
Doctorate,91,90.84470534,Yes,Yes,4,40,100.0
Master,75,70.45158292,No,Yes,3,27,100.0
Doctorate,87,82.31746813,Yes,Yes,4,36,100.0
Doctorate,90,86.66110222,Yes,Yes,4,23,100.0
Doctorate,95,96.46096364,Yes,Yes,4,33,100.0
Doctorate,99,98.06335491,Yes,Yes,4,39,100.0
Master,75,63.80884383,No,Yes,3,27,100.0
Doctorate,96,85.39649924,Yes,Yes,4,22,100.0
Master,74,70.96567411,Yes,Yes,3,40,99.25
Master,73,75.28843293,Yes,Yes,3,40,99.0
Bachelor,64,50.26247579,Yes,No,3,32,55.43
High School,51,50.0,No,No,2,40,60.48
High School,54,51.36876072,Yes,No,2,23,47.02
Master,70,76.94168889,Yes,Yes,3,17,91.26
Bachelor,64,62.07489094,No,No,3,15,64.44
Master,75,76.91494492,Yes,Yes,3,40,97.28
Master,71,71.7062857,Yes,Yes,3,38,93.76
Master,82,71.3471676,No,Yes,4,40,100.0
Bachelor,57,60.84103608,No,No,2,23,60.44
High School,53,54.07698253,No,No,2,12,55.12
Bachelor,62,64.5413432,Yes,No,3,27,57.83
Doctorate,94,100.0,Yes,Yes,4,33,100.0
Bachelor,68,57.5794353,No,No,3,35,71.66
Bachelor,68,76.62348325,Yes,No,3,40,61.35
Bachelor,60,58.5627624,No,No,3,17,58.15
Bachelor,57,58.43664452,No,No,2,13,60.01
High School,55,54.77243877,Yes,No,2,40,47.72
Doctorate,91,88.87881833,Yes,Yes,4,20,100.0
High School,43,50.0,Yes,No,2,40,41.16
High School,53,54.64754368,No,No,2,16,52.23
Bachelor,63,55.41413152,No,No,3,25,66.42
Master,84,87.75289584,No,Yes,4,40,100.0
Master,74,71.91902798,No,Yes,3,28,100.0
High School,42,50.0,No,No,2,31,46.47
High School,41,50.0,No,No,2,25,49.16
Bachelor,65,71.28574608,Yes,No,3,26,60.44
High School,41,50.0,Yes,No,2,19,36.39
Bachelor,57,58.79226809,Yes,No,2,33,51.58
Master,71,67.34521862,Yes,Yes,3,32,92.74
Master,83,86.78960925,Yes,Yes,4,40,100.0
Doctorate,88,91.42753869,Yes,Yes,4,28,100.0
Master,71,80.24304417,Yes,Yes,3,31,93.25
High School,55,54.12218027,Yes,No,2,22,50.02
Master,79,82.34327402,Yes,Yes,3,20,97.65
Bachelor,63,63.4903377,Yes,No,3,35,58.39
Master,71,77.47935891,Yes,Yes,3,40,94.13
Doctorate,93,89.40583806,No,Yes,4,26,100.0
Master,82,85.72502656,Yes,Yes,4,40,100.0
Bachelor,60,59.02651352,No,No,3,39,66.31
Bachelor,55,54.67905911,Yes,No,2,20,50.86
High School,43,50.0,No,No,2,23,48.21
Master,84,85.26120198,No,Yes,4,40,100.0
Bachelor,68,67.41885478,No,No,3,24,73.03
Doctorate,85,86.07356592,Yes,Yes,4,24,100.0
High School,53,60.89059029,No,No,2,17,55.89
Doctorate,100,100.0,Yes,Yes,5,29,100.0
Master,75,79.34577296,Yes,Yes,3,38,96.86
Master,83,80.72230237,Yes,Yes,4,40,100.0
Master,82,77.55379586,Yes,Yes,4,25,100.0
High School,43,50.0,No,No,2,25,50.27
Bachelor,57,61.38023396,No,No,2,40,67.09
High School,42,50.0,No,No,2,21,48.94
Doctorate,93,89.98009687,Yes,Yes,4,30,100.0
High School,45,50.0,No,No,2,12,50.9
Doctorate,93,84.80257919,Yes,Yes,4,25,100.0
High School,52,50.03764447,Yes,No,2,28,49.33
Bachelor,59,63.98285255,Yes,No,2,27,52.41
Doctorate,86,83.6675231,Yes,Yes,4,35,100.0
Master,77,80.20239898,Yes,Yes,3,37,100.0
Master,74,73.04748447,No,Yes,3,23,100.0
High School,41,50.0,No,No,2,12,52.33
Master,73,67.26154305,No,Yes,3,22,100.0
Doctorate,93,93.42604725,Yes,Yes,4,23,100.0
Master,84,69.04432015,No,Yes,4,31,100.0
Bachelor,58,57.06551921,No,No,2,40,59.72
Bachelor,67,58.84763378,No,No,3,39,68.18
High School,51,57.02997258,Yes,No,2,25,49.06
Doctorate,96,99.88703676,Yes,Yes,4,33,100.0
Bachelor,70,72.33335491,No,No,3,27,70.42
Bachelor,70,77.60503114,Yes,No,3,21,63.74
Doctorate,100,95.2554174,Yes,Yes,5,36,100.0
Master,81,89.73681599,Yes,Yes,4,23,100.0
Master,82,86.66095782,Yes,Yes,4,21,100.0
High School,54,52.81722356,No,No,2,40,58.05
Master,83,88.67810074,Yes,Yes,4,22,100.0
Doctorate,88,82.46853244,Yes,Yes,4,23,100.0
Bachelor,56,51.87742919,Yes,No,2,21,46.88
Master,82,78.95705138,Yes,Yes,4,38,100.0
High School,51,50.0,No,No,2,19,57.01
Master,84,78.71721179,No,Yes,4,20,100.0
Doctorate,90,96.11541534,Yes,Yes,4,36,100.0
High School,55,53.705728,Yes,No,2,25,52.32
Master,82,83.76252484,Yes,Yes,4,28,100.0
High School,50,50.0,Yes,No,2,18,45.56
Doctorate,98,88.8969835,No,Yes,4,28,100.0
Bachelor,56,57.35028679,Yes,No,2,21,49.16
Doctorate,96,86.43872512,Yes,Yes,4,34,100.0
Doctorate,91,90.65682977,Yes,Yes,4,21,100.0
Doctorate,87,80.15842481,Yes,Yes,4,30,100.0
Doctorate,99,100.0,No,Yes,4,30,100.0
Bachelor,57,61.55681361,Yes,No,2,17,48.63
Bachelor,59,59.52876896,Yes,No,2,40,51.73
High School,42,50.0,No,No,2,15,47.16
Master,71,66.76842011,Yes,Yes,3,34,89.02
Bachelor,64,66.71739689,No,No,3,40,74.46
Bachelor,63,63.99905217,No,No,3,22,64.39
Master,71,72.32010041,No,Yes,3,40,100.0
Bachelor,68,74.3617675,Yes,No,3,33,62.27
Doctorate,95,98.66246051,Yes,Yes,4,26,100.0
Doctorate,86,87.44361831,Yes,Yes,4,40,100.0
Master,82,73.72556282,No,Yes,4,37,100.0
High School,54,50.0,Yes,No,2,23,45.28
High School,47,50.0,Yes,No,2,40,45.17
Master,84,84.46686187,Yes,Yes,4,36,100.0
Master,78,72.34898138,No,Yes,3,23,100.0
Doctorate,91,100.0,Yes,Yes,4,39,100.0
High School,42,50.0,Yes,No,2,37,43.53
Bachelor,63,66.0105916,No,No,3,34,70.27
Doctorate,87,87.36018431,Yes,Yes,4,40,100.0
Master,74,72.93895515,No,Yes,3,40,100.0
High School,48,50.0,No,No,2,17,52.91
Bachelor,66,66.38740259,Yes,No,3,40,58.68
Bachelor,68,69.2887627,Yes,No,3,15,59.91
Doctorate,98,91.79119712,Yes,Yes,4,36,100.0
High School,42,50.0,No,No,2,18,48.64
High School,46,50.0,No,No,2,29,54.52
Master,85,75.46096221,Yes,Yes,4,40,100.0
High School,55,50.69807495,Yes,No,2,11,45.33
High School,51,50.0,No,No,2,40,58.12
Doctorate,85,94.43843829,Yes,Yes,4,28,100.0
High School,43,50.0,No,No,2,39,53.83
Bachelor,58,51.32259215,Yes,No,2,29,54.82
Doctorate,91,93.43018145,Yes,Yes,4,20,100.0
Doctorate,92,84.26348006,Yes,Yes,4,24,100.0
Master,70,75.41345527,Yes,Yes,3,40,96.59
High School,44,50.0,No,No,2,40,54.76
Master,76,75.53181906,Yes,Yes,3,15,96.94
Bachelor,66,72.62898324,Yes,No,3,28,62.07
Doctorate,88,81.56418216,Yes,Yes,4,28,100.0
Doctorate,97,90.01440907,No,Yes,4,40,100.0
Doctorate,88,85.08200337,Yes,Yes,4,40,100.0
Bachelor,58,63.19189426,No,No,2,13,57.89
Bachelor,66,58.40326962,No,No,3,28,66.72
Master,75,60.83922201,Yes,Yes,3,39,95.7
Master,76,73.74420571,Yes,Yes,3,18,97.79
Master,71,73.758704,Yes,Yes,3,39,95.89
High School,54,60.00130875,No,No,2,19,55.46
Doctorate,89,86.68419319,No,Yes,4,40,100.0
Doctorate,88,85.94286696,Yes,Yes,4,26,100.0
Master,84,89.76950367,Yes,Yes,4,32,100.0
Doctorate,98,88.6512915,No,Yes,4,23,100.0
Master,85,83.05739612,No,Yes,4,40,100.0
High School,52,52.95211945,No,No,2,23,54.47
High School,42,50.0,Yes,No,2,27,42.35
Bachelor,61,58.45096653,No,No,3,22,64.25
High School,50,50.17220506,No,No,2,40,57.87
Master,81,68.55836323,No,Yes,4,40,100.0
High School,45,50.0,No,No,2,32,52.43
Bachelor,68,70.26754356,Yes,No,3,21,61.65
Doctorate,91,86.08852983,Yes,Yes,4,31,100.0
Master,74,74.29492111,No,Yes,3,39,100.0
Doctorate,97,99.2343625,Yes,Yes,4,22,100.0
Bachelor,60,58.287254,No,No,3,40,67.11
Bachelor,59,59.85231885,No,No,2,13,61.29
Bachelor,68,63.18633717,No,No,3,40,68.8
Doctorate,91,89.9669436,No,Yes,4,34,100.0
Doctorate,86,89.05108085,Yes,Yes,4,40,100.0
Doctorate,98,98.7848648,No,Yes,4,40,100.0
Doctorate,95,92.06734365,Yes,Yes,4,29,100.0
Bachelor,59,60.12108202,Yes,No,2,30,57.14
Bachelor,60,63.57304895,Yes,No,3,30,55.09
Master,75,64.75029361,Yes,Yes,3,33,94.77
Master,84,89.79537032,Yes,Yes,4,40,100.0
Doctorate,89,87.31872631,Yes,Yes,4,37,100.0
High School,49,51.12744967,Yes,No,2,25,48.6
High School,46,51.98623462,No,No,2,10,53.31
Bachelor,64,57.14163151,No,No,3,16,66.88
Bachelor,62,58.45279499,Yes,No,3,29,57.23
Bachelor,61,59.55725652,No,No,3,40,68.97
Master,74,70.08123239,No,Yes,3,15,100.0
Master,70,78.67468288,No,Yes,3,19,100.0
Bachelor,67,62.71613953,No,No,3,36,70.44
Bachelor,59,56.2222661,No,No,2,40,62.4
Bachelor,64,65.02194516,Yes,No,3,27,57.15
High School,41,50.0,No,No,2,10,49.39
Master,82,80.02159644,Yes,Yes,4,35,100.0
High School,44,50.0,No,No,2,31,52.83
High School,44,50.0,Yes,No,2,40,46.96
Bachelor,56,55.53306571,No,No,2,25,56.57
Bachelor,59,56.35333944,No,No,2,24,59.98
Doctorate,97,89.42764845,No,Yes,4,31,100.0
Doctorate,100,100.0,Yes,Yes,5,25,100.0
High School,43,51.77466536,No,No,2,26,51.59
Master,70,70.09200815,No,Yes,3,40,100.0
Bachelor,57,58.12632059,No,No,2,16,61.55
Bachelor,55,58.46361378,No,No,2,18,59.15
High School,51,50.0,No,No,2,31,54.1
Doctorate,95,100.0,Yes,Yes,4,40,100.0
Master,84,85.01164398,Yes,Yes,4,31,100.0
Doctorate,89,97.1592845,No,Yes,4,26,100.0
Doctorate,88,84.33483502,No,Yes,4,34,100.0
Doctorate,100,100.0,Yes,Yes,5,40,100.0
Doctorate,91,94.87577747,Yes,Yes,4,33,100.0
Bachelor,59,61.76520043,No,No,2,11,61.68
Bachelor,64,65.17012227,No,No,3,22,71.1
Doctorate,98,96.75735691,Yes,Yes,4,25,100.0
Master,73,79.00265829,Yes,Yes,3,40,96.32
High School,41,50.0,No,No,2,15,46.51
Master,73,63.16465148,Yes,Yes,3,40,94.41
Master,85,79.41406769,Yes,Yes,4,33,100.0
Master,81,80.07077124,Yes,Yes,4,27,100.0
Doctorate,86,87.54999492,Yes,Yes,4,32,100.0
Bachelor,62,61.71705756,No,No,3,27,65.46
Master,72,78.09485395,Yes,Yes,3,40,93.43
Doctorate,93,83.24449068,Yes,Yes,4,37,100.0
Master,82,82.71793968,No,Yes,4,38,100.0
Master,73,63.91010387,Yes,Yes,3,40,91.94
Doctorate,97,100.0,No,Yes,4,40,100.0
Bachelor,60,59.52770643,No,No,3,16,63.25
Bachelor,64,66.09804986,Yes,No,3,27,61.81
High School,44,50.0,Yes,No,2,32,46.12
Doctorate,94,100.0,Yes,Yes,4,40,100.0
High School,52,57.20862332,No,No,2,37,57.79
High School,40,50.0,Yes,No,2,20,39.94
High School,48,50.0,No,No,2,40,54.0
Bachelor,70,72.89928643,Yes,No,3,38,64.88
Doctorate,85,81.46553716,No,Yes,4,21,100.0
High School,47,51.2777783,Yes,No,2,39,48.06
Doctorate,93,100.0,Yes,Yes,4,36,100.0
Doctorate,93,98.3530528,No,Yes,4,40,100.0
Bachelor,55,51.35198765,No,No,2,31,56.66
High School,41,50.0,No,No,2,14,46.95
High School,51,50.0,No,No,2,25,54.8
Doctorate,100,100.0,Yes,Yes,5,37,100.0
Master,82,84.25301706,Yes,Yes,4,40,100.0
Bachelor,55,50.0,Yes,No,2,40,47.89
Bachelor,64,58.19108078,No,No,3,37,71.17
Bachelor,56,54.58430552,No,No,2,21,57.52
Bachelor,64,62.49570126,No,No,3,28,67.66
High School,55,50.0,Yes,No,2,27,46.06
High School,51,52.94489365,No,No,2,36,52.64
Master,77,78.25736804,Yes,Yes,3,40,100.0
Bachelor,59,58.02865434,No,No,2,27,62.63
Bachelor,66,62.2210425,Yes,No,3,30,58.38
Doctorate,95,100.0,Yes,Yes,4,35,100.0
High School,46,54.27703557,Yes,No,2,22,44.19
Bachelor,56,53.58219258,No,No,2,38,57.29
Master,77,73.93916541,No,Yes,3,23,100.0
Master,80,82.45603833,No,Yes,4,40,100.0
High School,45,50.0,No,No,2,37,51.54
Master,77,76.303014,Yes,Yes,3,27,97.4
Master,70,73.69826576,No,Yes,3,40,100.0
High School,54,50.0,No,No,2,18,56.63
Bachelor,55,61.59151162,Yes,No,2,23,49.2
Bachelor,66,66.36340262,No,No,3,26,65.94
Master,76,73.94253428,No,Yes,3,40,100.0
Master,77,76.55382923,Yes,Yes,3,17,93.89
Bachelor,67,66.81214678,No,No,3,30,68.74
High School,42,50.0,Yes,No,2,29,41.75
Master,74,81.47469114,No,Yes,3,40,100.0
Doctorate,100,100.0,Yes,Yes,5,40,100.0
High School,51,53.21501065,Yes,No,2,26,46.17
Master,70,74.75774885,No,Yes,3,30,100.0
Master,76,70.89418771,No,Yes,3,22,100.0
Doctorate,89,91.3673595,Yes,Yes,4,38,100.0
Doctorate,92,90.66179455,Yes,Yes,4,40,100.0
Bachelor,67,71.23385388,Yes,No,3,40,61.09
High School,47,50.0,No,No,2,23,53.12
High School,48,50.0,No,No,2,31,52.51
Bachelor,61,57.98589672,No,No,3,31,59.9
High School,50,52.16131475,No,No,2,24,55.91
High School,40,50.0,No,No,2,40,53.81
High School,52,50.0,No,No,2,22,50.57
High School,42,50.0,No,No,2,30,49.48
High School,47,50.0,Yes,No,2,40,46.74
Doctorate,87,82.51678886,No,Yes,4,40,100.0
High School,47,51.20991848,No,No,2,40,55.78
Doctorate,85,83.153964,No,Yes,4,35,100.0
High School,44,50.0,No,No,2,37,53.18
Bachelor,58,56.12588972,No,No,2,40,64.97
Master,74,68.8072809,Yes,Yes,3,15,90.72
Doctorate,92,83.84362092,No,Yes,4,40,100.0
High School,49,50.0,No,No,2,40,55.53
Bachelor,69,69.54704236,No,No,3,40,71.5
Master,83,89.64320414,Yes,Yes,4,40,100.0
Doctorate,88,89.56592237,Yes,Yes,4,37,100.0
Master,80,76.96748306,Yes,Yes,4,40,100.0
Bachelor,58,60.27952098,No,No,2,32,61.35
Doctorate,99,96.70454845,No,Yes,4,34,100.0
Master,72,68.52699815,Yes,Yes,3,40,91.58
High School,46,50.0,No,No,2,39,56.62
Doctorate,87,78.24085597,Yes,Yes,4,40,100.0
Master,81,79.05038147,Yes,Yes,4,35,100.0
Bachelor,57,57.79026745,Yes,No,2,23,55.89
Bachelor,65,64.51688165,No,No,3,31,69.65
Doctorate,94,91.92016536,No,Yes,4,31,100.0
Master,74,69.2712697,Yes,Yes,3,40,95.0
Doctorate,89,92.04123096,Yes,Yes,4,40,100.0
Doctorate,98,91.4143404,Yes,Yes,4,40,100.0
Master,75,78.88013957,Yes,Yes,3,27,93.45
Master,85,79.98891491,Yes,Yes,4,39,100.0
High School,47,50.0,No,No,2,24,51.76
Master,85,77.66607405,No,Yes,4,23,100.0
Bachelor,64,61.49298927,Yes,No,3,40,61.46
Doctorate,90,94.87656229,Yes,Yes,4,40,100.0
Doctorate,99,100.0,Yes,Yes,4,21,100.0
Bachelor,70,74.89211056,No,No,3,40,75.11
Master,85,87.61071273,Yes,Yes,4,40,100.0
Bachelor,66,60.48165086,No,No,3,40,71.07
Bachelor,55,53.34605388,No,No,2,29,56.83
High School,54,50.09900435,No,No,2,37,57.28
Bachelor,62,68.65287452,Yes,No,3,34,60.89
Doctorate,100,94.01605677,Yes,Yes,5,35,100.0
Bachelor,62,66.46848845,Yes,No,3,24,56.09
Doctorate,93,97.46476935,Yes,Yes,4,40,100.0
Doctorate,93,100.0,No,Yes,4,38,100.0
Doctorate,86,83.95156704,Yes,Yes,4,37,100.0
Master,84,87.5616108,No,Yes,4,40,100.0
High School,41,52.40825918,Yes,No,2,15,39.28
Doctorate,87,83.91179162,Yes,Yes,4,29,100.0
Doctorate,85,77.32479876,Yes,Yes,4,21,100.0
Master,73,63.59994983,Yes,Yes,3,38,94.82
Doctorate,98,100.0,Yes,Yes,4,40,100.0
Bachelor,58,50.0,Yes,No,2,37,51.41
Bachelor,68,66.13840474,Yes,No,3,16,58.25
High School,48,50.18656594,No,No,2,14,54.11
Doctorate,93,93.92587768,Yes,Yes,4,30,100.0
Master,78,80.12722432,No,Yes,3,24,100.0
Bachelor,64,65.11144928,No,No,3,16,67.58
Master,76,82.39432907,Yes,Yes,3,29,98.48
Master,83,78.2384181,Yes,Yes,4,26,100.0
Bachelor,69,65.61502431,No,No,3,34,71.02
Master,71,67.13670277,No,Yes,3,40,100.0
Bachelor,64,68.15095906,Yes,No,3,40,60.04
Master,74,78.50199294,Yes,Yes,3,40,98.04
Bachelor,58,60.2561266,Yes,No,2,31,54.34
Doctorate,96,100.0,Yes,Yes,4,40,100.0
High School,50,50.0,No,No,2,32,58.08
Bachelor,62,70.33612056,No,No,3,33,71.65
Bachelor,56,63.61619311,Yes,No,2,13,48.44
High School,45,50.0,No,No,2,33,49.21
Bachelor,67,75.90899454,Yes,No,3,34,61.57
Bachelor,59,50.71688396,Yes,No,2,37,53.79
Master,85,82.37775932,Yes,Yes,4,36,100.0
High School,54,50.3234827,Yes,No,2,28,45.27
Doctorate,100,100.0,No,Yes,5,40,100.0
Bachelor,70,64.7492963,No,No,3,40,74.63
High School,55,58.78747575,Yes,No,2,40,52.35
Master,81,87.85268072,Yes,Yes,4,40,100.0
Doctorate,86,89.4760145,Yes,Yes,4,36,100.0
High School,50,51.41875512,No,No,2,38,56.2
Doctorate,94,89.0606333,No,Yes,4,25,100.0
Doctorate,99,94.76574517,Yes,Yes,4,36,100.0
Doctorate,85,91.24809453,Yes,Yes,4,36,100.0
Bachelor,62,65.89674502,Yes,No,3,28,59.81
Bachelor,56,55.8049024,No,No,2,33,63.15
Master,76,73.91045227,Yes,Yes,3,40,99.78
Master,78,67.87096063,Yes,Yes,3,40,96.71
High School,48,50.0,Yes,No,2,23,44.26
Master,77,86.55709544,Yes,Yes,3,40,100.0
Doctorate,95,88.59772214,Yes,Yes,4,38,100.0
Doctorate,98,98.94739911,No,Yes,4,40,100.0
Bachelor,66,71.03721987,Yes,No,3,23,57.3
Doctorate,94,87.72538666,No,Yes,4,36,100.0
High School,48,50.0,Yes,No,2,28,43.27
Doctorate,86,90.68957769,Yes,Yes,4,23,100.0
Doctorate,90,90.06249661,Yes,Yes,4,30,100.0
High School,43,57.34201528,Yes,No,2,31,43.1
Master,83,74.65700371,No,Yes,4,23,100.0
Master,73,78.29364265,Yes,Yes,3,31,94.86
High School,44,50.0,Yes,No,2,17,42.29
Bachelor,66,69.85960077,Yes,No,3,40,59.28
Doctorate,100,100.0,Yes,Yes,5,35,100.0
High School,42,50.0,Yes,No,2,40,46.88
Doctorate,98,99.14498196,Yes,Yes,4,30,100.0
Bachelor,55,50.0,Yes,No,2,30,46.64
Doctorate,92,95.0162375,Yes,Yes,4,40,100.0
High School,44,50.0,Yes,No,2,19,41.21
Doctorate,87,90.19330084,Yes,Yes,4,40,100.0
Master,79,84.29059163,Yes,Yes,3,40,100.0
Bachelor,70,71.8380992,No,No,3,22,72.94
Bachelor,68,68.7404471,Yes,No,3,22,62.27
Bachelor,61,56.59465832,No,No,3,22,64.94
High School,46,50.0,Yes,No,2,40,44.52
Bachelor,55,60.9336731,Yes,No,2,25,50.78
Master,81,88.18167703,Yes,Yes,4,32,100.0
High School,48,50.0,Yes,No,2,32,44.53
Master,84,84.23001374,Yes,Yes,4,31,100.0
Doctorate,86,81.47692813,Yes,Yes,4,40,100.0
Doctorate,89,94.86378423,Yes,Yes,4,40,100.0
Doctorate,97,100.0,Yes,Yes,4,40,100.0
Doctorate,98,100.0,Yes,Yes,4,40,100.0
Master,74,69.60838461,Yes,Yes,3,16,91.25
High School,53,51.1099605,No,No,2,40,58.54
High School,47,50.0,No,No,2,35,55.41
Bachelor,68,71.23244769,Yes,No,3,40,63.63
Master,77,75.92166181,Yes,Yes,3,33,99.05
Doctorate,98,93.63519455,Yes,Yes,4,24,100.0
Master,76,80.40703764,Yes,Yes,3,40,100.0
Bachelor,61,64.60567681,Yes,No,3,34,57.0
Bachelor,66,61.4186295,Yes,No,3,40,61.76
Master,85,91.77721401,Yes,Yes,4,27,100.0
Master,80,85.85099355,Yes,Yes,4,36,100.0
Master,85,85.67148249,Yes,Yes,4,20,100.0
High School,45,50.0,Yes,No,2,12,39.23
Doctorate,90,92.77028886,No,Yes,4,40,100.0
Master,80,75.69148465,Yes,Yes,4,40,100.0
Master,78,78.1501574,Yes,Yes,3,22,100.0
Master,75,64.23808228,Yes,Yes,3,22,92.2
Bachelor,66,70.38227823,No,No,3,40,71.38
Bachelor,67,59.19253389,No,No,3,40,70.3
High School,52,59.51709914,No,No,2,13,55.25
Doctorate,86,84.34939953,Yes,Yes,4,35,100.0
High School,41,50.0,No,No,2,22,46.57
Doctorate,97,93.86133047,Yes,Yes,4,39,100.0
Bachelor,59,57.55980563,No,No,2,14,56.98
Bachelor,69,76.09265673,No,No,3,34,75.72
Bachelor,58,50.0,Yes,No,2,33,53.37
High School,50,56.38482693,No,No,2,40,58.07
Master,71,72.69011741,No,Yes,3,40,100.0
Master,84,77.96489176,Yes,Yes,4,40,100.0
Bachelor,69,63.62343803,No,No,3,33,73.5
Master,72,80.38196514,Yes,Yes,3,31,93.87
Master,76,71.2724656,No,Yes,3,19,100.0
High School,47,50.0,Yes,No,2,34,46.55
Doctorate,96,100.0,Yes,Yes,4,37,100.0
Bachelor,67,68.69276438,No,No,3,22,69.92
Bachelor,60,55.31037212,No,No,3,40,68.06
High School,50,51.08312488,No,No,2,24,49.41
High School,44,50.0,No,No,2,22,52.66
Master,82,87.50410699,Yes,Yes,4,35,100.0
Bachelor,55,60.30685482,No,No,2,31,56.55
Doctorate,92,94.66003099,Yes,Yes,4,39,100.0
High School,42,50.0,No,No,2,22,53.05
Doctorate,99,100.0,Yes,Yes,4,39,100.0
Doctorate,90,89.99843164,Yes,Yes,4,21,100.0
Bachelor,57,51.09062937,No,No,2,40,63.94
Bachelor,61,63.24736956,No,No,3,33,69.73
High School,52,62.43023525,Yes,No,2,15,50.02
Bachelor,68,62.92620253,Yes,No,3,28,61.27
Bachelor,61,59.19268617,No,No,3,18,64.19
Bachelor,66,68.08223019,Yes,No,3,36,57.81
Doctorate,99,98.73047575,No,Yes,4,40,100.0
High School,48,50.0,Yes,No,2,40,44.31
Master,85,90.60928928,No,Yes,4,40,100.0
Doctorate,89,100.0,Yes,Yes,4,26,100.0
Bachelor,69,69.9806573,No,No,3,17,70.29
Doctorate,92,87.47965855,Yes,Yes,4,40,100.0
Bachelor,64,56.25519737,Yes,No,3,16,54.74
Bachelor,64,65.28987991,Yes,No,3,30,61.95
Doctorate,100,100.0,Yes,Yes,5,40,100.0
High School,47,50.0,No,No,2,24,53.49
Bachelor,55,54.9879808,No,No,2,33,57.96
High School,51,50.0,No,No,2,24,52.46
Master,74,68.53918184,No,Yes,3,40,100.0
Bachelor,57,61.17375663,No,No,2,23,60.11
High School,40,50.0,Yes,No,2,23,38.59
High School,43,50.0,Yes,No,2,15,38.37
Master,77,84.94919489,No,Yes,3,28,100.0
High School,42,50.0,No,No,2,26,50.73
High School,55,61.99797323,No,No,2,27,56.94
Master,85,78.28936126,Yes,Yes,4,39,100.0
Bachelor,64,57.17087922,No,No,3,31,67.25
High School,41,50.0,No,No,2,25,47.33
High School,50,52.51392213,No,No,2,40,56.88
High School,48,56.98180411,Yes,No,2,18,42.59
Doctorate,94,97.53039457,No,Yes,4,40,100.0
Master,74,72.78659362,No,Yes,3,40,100.0
Doctorate,100,94.86815396,Yes,Yes,5,34,100.0
Master,83,89.15000286,Yes,Yes,4,36,100.0
Bachelor,61,56.17647287,Yes,No,3,40,56.42
Bachelor,65,73.14234277,Yes,No,3,31,62.12
High School,50,50.0,No,No,2,27,55.48
Master,71,78.95291036,No,Yes,3,37,100.0
Bachelor,63,66.39465645,No,No,3,40,69.14
Master,85,84.31502255,Yes,Yes,4,27,100.0
Bachelor,67,64.40301814,Yes,No,3,27,61.58
Doctorate,93,91.29546061,Yes,Yes,4,40,100.0
Bachelor,58,60.14158346,No,No,2,29,65.18
Doctorate,88,88.38578248,Yes,Yes,4,40,100.0
Bachelor,60,57.03094296,No,No,3,37,64.54
High School,49,50.0,Yes,No,2,40,43.47
Doctorate,94,94.39288515,Yes,Yes,4,22,100.0
Bachelor,64,53.35632953,Yes,No,3,40,54.5
High School,45,50.0,Yes,No,2,40,45.03
Doctorate,96,91.10139388,Yes,Yes,4,36,100.0
High School,40,50.0,No,No,2,28,47.04
Master,83,74.56327826,No,Yes,4,40,100.0
Master,83,74.03053751,No,Yes,4,40,100.0
Doctorate,93,86.22276248,Yes,Yes,4,34,100.0
Bachelor,56,52.45489521,Yes,No,2,23,51.17
Doctorate,89,98.76629569,Yes,Yes,4,21,100.0
High School,48,50.0,Yes,No,2,27,43.51
Bachelor,58,58.88875053,Yes,No,2,15,47.25
Master,80,82.00240693,Yes,Yes,4,40,100.0
Bachelor,70,70.65532593,No,No,3,35,71.94
Master,72,71.6127827,No,Yes,3,40,100.0
Bachelor,69,63.02353118,No,No,3,40,70.13
Bachelor,61,68.25463774,Yes,No,3,16,55.29
Bachelor,60,69.03598322,No,No,3,40,68.96
High School,47,50.0,Yes,No,2,25,42.8
High School,42,50.0,No,No,2,31,50.35
Doctorate,89,87.60094829,Yes,Yes,4,32,100.0
Doctorate,94,89.17731103,Yes,Yes,4,21,100.0
Master,73,75.52982777,No,Yes,3,28,100.0
High School,54,50.35863899,No,No,2,37,61.44
Master,82,92.82528034,Yes,Yes,4,26,100.0
Doctorate,88,93.95274297,Yes,Yes,4,37,100.0
Master,73,74.06287015,No,Yes,3,40,100.0
Doctorate,94,99.13493132,Yes,Yes,4,40,100.0
High School,47,52.52950212,No,No,2,13,53.86
Bachelor,60,57.18026256,No,No,3,40,67.01
High School,42,50.0,No,No,2,33,50.73
Master,79,79.39071531,Yes,Yes,3,34,100.0
Master,74,78.30818062,Yes,Yes,3,40,95.37
High School,45,50.0,No,No,2,33,53.67
High School,44,50.0,No,No,2,16,50.33
Doctorate,90,85.98587778,Yes,Yes,4,40,100.0
Master,77,76.63013568,Yes,Yes,3,27,96.62
Master,76,75.62167198,Yes,Yes,3,22,91.66
High School,44,53.86271088,Yes,No,2,14,39.78
Bachelor,64,57.07006029,No,No,3,27,66.65
Master,75,77.52794621,Yes,Yes,3,40,98.33
Bachelor,68,75.44556554,Yes,No,3,34,61.13
High School,43,54.35724873,No,No,2,23,54.35
High School,51,50.0,Yes,No,2,40,45.77
Doctorate,93,95.45714726,Yes,Yes,4,40,100.0
Master,82,84.84880179,Yes,Yes,4,40,100.0
Bachelor,58,58.97740866,No,No,2,13,57.45
Doctorate,85,84.50577399,Yes,Yes,4,40,100.0
Master,76,78.17987695,Yes,Yes,3,32,95.05
Doctorate,91,78.33876957,Yes,Yes,4,34,100.0
High School,43,50.0,Yes,No,2,33,44.45
Master,82,82.63088952,No,Yes,4,27,100.0
Doctorate,98,96.88762552,Yes,Yes,4,40,100.0
Doctorate,87,97.23431098,Yes,Yes,4,40,100.0
Bachelor,62,58.62532991,Yes,No,3,30,56.8
Doctorate,89,86.98462005,Yes,Yes,4,35,100.0
Master,85,94.95776651,Yes,Yes,4,40,100.0
Master,79,74.83969348,Yes,Yes,3,31,99.74
Bachelor,61,58.24942359,Yes,No,3,23,56.19
Master,73,72.26487288,No,Yes,3,40,100.0
High School,43,50.0,No,No,2,38,55.81
Master,77,78.03901254,Yes,Yes,3,32,94.58
Master,83,76.53687326,Yes,Yes,4,31,100.0
Doctorate,92,89.33915718,Yes,Yes,4,38,100.0
Doctorate,86,82.96322783,Yes,Yes,4,40,100.0
Master,83,82.61389477,No,Yes,4,34,100.0
Bachelor,56,58.12921829,Yes,No,2,10,44.91
Doctorate,87,89.09102878,Yes,Yes,4,21,100.0
Bachelor,69,60.11994123,Yes,No,3,22,58.21
Master,81,86.31970494,No,Yes,4,40,100.0
Master,81,82.26284423,Yes,Yes,4,40,100.0
High School,42,50.0,Yes,No,2,11,41.44
Doctorate,85,87.22099164,Yes,Yes,4,28,100.0
Master,84,89.50661479,No,Yes,4,28,100.0
High School,53,55.33272656,No,No,2,22,53.5
Doctorate,87,93.73112878,No,Yes,4,25,100.0
Master,75,77.61125318,Yes,Yes,3,40,99.95
Master,77,76.51042377,Yes,Yes,3,29,100.0
Doctorate,97,100.0,Yes,Yes,4,34,100.0
Doctorate,96,100.0,Yes,Yes,4,26,100.0
Doctorate,98,100.0,Yes,Yes,4,30,100.0
Master,79,72.61847792,No,Yes,3,16,100.0
Master,75,68.55846191,No,Yes,3,24,100.0
High School,44,50.0,Yes,No,2,26,42.75
Bachelor,69,69.72760599,No,No,3,21,69.65
Doctorate,88,84.92938717,Yes,Yes,4,23,100.0
Master,85,85.7049135,Yes,Yes,4,40,100.0
Master,72,79.94313464,Yes,Yes,3,40,97.0
Doctorate,100,100.0,Yes,Yes,5,40,100.0
Bachelor,67,61.29495745,No,No,3,39,70.39
Doctorate,88,87.44245586,No,Yes,4,32,100.0
Bachelor,68,63.9751676,No,No,3,32,69.86
Master,76,74.06150042,No,Yes,3,35,100.0
Bachelor,55,52.93192167,No,No,2,10,58.78
High School,46,50.0,No,No,2,40,56.12
Master,70,63.72432314,No,Yes,3,22,99.45
High School,41,50.0,No,No,2,30,52.39
Doctorate,99,96.19696182,No,Yes,4,40,100.0
Doctorate,88,73.35275655,No,Yes,4,40,100.0
Doctorate,85,95.26486012,No,Yes,4,38,100.0
Bachelor,65,70.44384827,No,No,3,37,70.92
Master,81,79.11849638,No,Yes,4,40,100.0
Doctorate,95,95.09409525,Yes,Yes,4,24,100.0
Doctorate,99,93.14172826,Yes,Yes,4,27,100.0
Master,80,88.47861439,Yes,Yes,4,30,100.0
Doctorate,93,100.0,No,Yes,4,35,100.0
High School,51,51.78346864,No,No,2,33,60.27
Master,75,80.11765322,Yes,Yes,3,35,100.0
Master,82,82.87643389,No,Yes,4,40,100.0
Master,70,63.31637281,No,Yes,3,22,100.0
High School,40,50.0,Yes,No,2,16,34.8
Master,75,75.65963983,Yes,Yes,3,16,92.95
High School,43,50.0,No,No,2,39,51.77
Master,73,71.90673361,No,Yes,3,27,100.0
Bachelor,70,69.54300221,No,No,3,37,73.12
Doctorate,99,98.59560751,Yes,Yes,4,40,100.0
Bachelor,65,65.26129245,No,No,3,34,65.69
Doctorate,99,93.69697467,Yes,Yes,4,40,100.0
High School,45,50.0,Yes,No,2,38,42.05
Bachelor,69,62.57707867,Yes,No,3,29,60.84
Master,83,87.88907775,Yes,Yes,4,40,100.0
Doctorate,96,85.47176529,Yes,Yes,4,22,100.0
Doctorate,95,100.0,No,Yes,4,40,100.0
Bachelor,61,67.93174699,No,No,3,22,65.81
High School,48,50.0,Yes,No,2,31,46.85
Bachelor,64,50.98431456,Yes,No,3,40,61.11
High School,55,53.19344719,Yes,No,2,11,43.33
High School,44,50.0,No,No,2,10,50.49
Doctorate,93,87.9470089,No,Yes,4,39,100.0
Bachelor,58,55.42390803,No,No,2,30,60.37
Bachelor,67,74.65097599,No,No,3,22,76.02
High School,49,52.32463581,Yes,No,2,36,43.36
Bachelor,56,51.37717943,No,No,2,40,60.78
Master,72,64.01200415,Yes,Yes,3,20,91.74
Master,82,80.36491341,Yes,Yes,4,38,100.0
Bachelor,65,63.9327161,No,No,3,32,69.28
Bachelor,55,57.48099594,Yes,No,2,10,47.11
High School,53,50.32341644,Yes,No,2,34,46.88
Master,83,85.55749788,Yes,Yes,4,40,100.0
Master,75,84.6757702,Yes,Yes,3,21,95.9
Doctorate,97,100.0,Yes,Yes,4,40,100.0
High School,45,50.0,No,No,2,40,53.76
Doctorate,85,84.08424764,No,Yes,4,40,100.0
Master,80,78.21663433,Yes,Yes,4,38,100.0
High School,52,57.90320456,Yes,No,2,15,48.08
Bachelor,57,53.86343277,No,No,2,34,60.27
High School,44,50.0,No,No,2,40,50.45
Bachelor,57,57.25598951,Yes,No,2,18,51.18
Bachelor,64,61.49107904,No,No,3,34,66.59
High School,42,50.0,No,No,2,19,48.54
Bachelor,68,69.61487252,No,No,3,40,71.73
Doctorate,94,93.69498014,Yes,Yes,4,32,100.0
Master,72,74.50120235,No,Yes,3,16,98.03
Bachelor,59,56.33199847,Yes,No,2,30,57.54
Doctorate,97,100.0,Yes,Yes,4,40,100.0
Bachelor,70,65.61613109,Yes,No,3,38,63.27
Master,74,82.56020142,Yes,Yes,3,40,98.4
Doctorate,88,79.26181745,Yes,Yes,4,28,100.0
Master,70,72.17385032,Yes,Yes,3,16,91.88
Master,74,76.37715341,Yes,Yes,3,40,98.57
Doctorate,94,90.02221466,No,Yes,4,40,100.0
Doctorate,100,100.0,Yes,Yes,5,35,100.0
Doctorate,89,95.39759335,Yes,Yes,4,36,100.0
High School,43,50.0,No,No,2,40,53.2
Doctorate,90,92.51372404,No,Yes,4,32,100.0
Doctorate,94,81.5336459,Yes,Yes,4,26,100.0
Doctorate,88,83.17167598,Yes,Yes,4,35,100.0
Doctorate,98,100.0,No,Yes,4,40,100.0
Bachelor,61,58.09108983,No,No,3,15,64.68
High School,46,50.0,Yes,No,2,20,42.39
Master,71,70.01031136,No,Yes,3,20,100.0
Doctorate,87,97.33953169,No,Yes,4,39,100.0
Bachelor,55,50.0,Yes,No,2,40,51.75
Bachelor,62,56.74345044,No,No,3,40,69.24
Bachelor,63,70.48715842,No,No,3,26,66.95
Master,73,82.28851172,Yes,Yes,3,40,98.77
Doctorate,90,89.48284388,Yes,Yes,4,40,100.0
High School,48,50.0,Yes,No,2,36,42.64
High School,45,55.47921751,No,No,2,28,52.54
Bachelor,68,75.97221196,Yes,No,3,19,62.77
Master,81,84.39473494,Yes,Yes,4,24,100.0
Master,81,76.93798826,Yes,Yes,4,40,100.0
Master,81,80.7548533,No,Yes,4,40,100.0
High School,48,50.0,No,No,2,35,56.28
Bachelor,69,70.65425652,Yes,No,3,40,62.35
Doctorate,88,95.25500719,Yes,Yes,4,40,100.0
High School,47,51.39708521,No,No,2,10,52.88
Bachelor,63,57.61311962,Yes,No,3,40,59.53
Bachelor,58,64.88248225,No,No,2,24,63.95
Doctorate,89,90.5656607,Yes,Yes,4,36,100.0
Doctorate,98,100.0,No,Yes,4,40,100.0
Doctorate,92,99.3327043,Yes,Yes,4,39,100.0
Master,81,75.44209875,Yes,Yes,4,40,100.0
Doctorate,94,93.82087211,Yes,Yes,4,32,100.0
Bachelor,68,65.34272724,Yes,No,3,40,61.74
Doctorate,90,82.16070287,Yes,Yes,4,40,100.0
